run_id,method,lineage,domain,liver,tumor,overall,iou,recall,precision,n_positive,n_no_tumor,fp_no_tumor,fp_no_tumor_rate,prediction_count,expected,summary_exists,report_exists,png_count,checkpoint_status,binding,status,metric_source,summary,report
R01,Baseline,当前对照,LiTS,0.9515980900974579,0.7311093614796753,0.8413537257885666,0.6088808263180812,0.7226388313880704,0.7836362391787274,23,3,2,0.6666666666666666,26,26,True,True,2471,基础检查通过,运行记录 epoch 一致（无哈希）,完整,summary 固定病例重算,/home/PuMengYu/nnUNet_workspace/results_v2/Dataset003_Liver/nnUNetTrainer_Baseline__nnUNetPlans__3d_fullres/fold_0/test_prediction/summary.json,/home/PuMengYu/nnUNet_workspace/results_v2/Dataset003_Liver/nnUNetTrainer_Baseline__nnUNetPlans__3d_fullres/fold_0/test_report_custom.txt
R01,Baseline,当前对照,IRCADb,0.967077903132288,0.7186878031644574,0.8428828531483727,0.599415730291551,0.6506252899127994,0.8490130393820264,15,5,2,0.4,20,20,True,True,652,基础检查通过,哈希一致,完整,summary 固定病例重算,/home/PuMengYu/nnUNet_workspace/results_v2/IRCADb/source_only/Baseline/predictions/summary.json,/home/PuMengYu/nnUNet_workspace/results_v2/IRCADb/source_only/Baseline/report_custom.txt
R01,Baseline,当前对照,HCC,0.8384206741346254,0.3642320937932519,0.6013263839639387,0.27553883583050165,0.2883153536002241,0.6874934989855616,21,0,0,,21,21,True,True,677,基础检查通过,哈希一致,完整,summary 固定病例重算,/home/PuMengYu/nnUNet_workspace/results_v2/Dataset013_HCCReferencedCT/source_only/Baseline/predictions/summary.json,/home/PuMengYu/nnUNet_workspace/results_v2/Dataset013_HCCReferencedCT/source_only/Baseline/report_custom.txt
R02,DeepDWIBMedConfig,当前对照,LiTS,0.9524866844760692,0.736842699924715,0.8446646922003921,0.6173043115045049,0.7191779465826655,0.7908376034102448,23,3,1,0.3333333333333333,0,26,True,True,2532,基础检查通过,未验证,部分完成,summary 固定病例重算,/home/PuMengYu/nnUNet_workspace/results_v2/Dataset003_Liver/nnUNetTrainer_DeepDWIBMedConfig__nnUNetPlans__3d_fullres/fold_0/test_prediction/summary.json,/home/PuMengYu/nnUNet_workspace/results_v2/Dataset003_Liver/nnUNetTrainer_DeepDWIBMedConfig__nnUNetPlans__3d_fullres/fold_0/test_report_custom.txt
R02,DeepDWIBMedConfig,当前对照,IRCADb,0.9633253695549184,0.6913184463897329,0.8273219079723257,0.5820409684579416,0.6336561313367478,0.8437907566317511,15,5,2,0.4,20,20,True,True,666,基础检查通过,未验证,完整,summary 固定病例重算,/home/PuMengYu/nnUNet_workspace/results_v2/IRCADb/source_only/DeepDWIBMedConfig/predictions/summary.json,/home/PuMengYu/nnUNet_workspace/results_v2/IRCADb/source_only/DeepDWIBMedConfig/report_custom.txt
R02,DeepDWIBMedConfig,当前对照,HCC,0.8381250968227522,0.399853055834157,0.6189890763284546,0.3049804428169153,0.3313625902169064,0.6641505642755167,21,0,0,,21,21,True,True,719,基础检查通过,未验证,完整,summary 固定病例重算,/home/PuMengYu/nnUNet_workspace/results_v2/Dataset013_HCCReferencedCT/source_only/DeepDWIBMedConfig/predictions/summary.json,/home/PuMengYu/nnUNet_workspace/results_v2/Dataset013_HCCReferencedCT/source_only/DeepDWIBMedConfig/report_custom.txt
R03,DeepDWIBResGN,当前对照,LiTS,0.949403194918787,0.7501794805607271,0.849791337739757,0.6326856408346336,0.7353596155872835,0.797119977544766,23,3,2,0.6666666666666666,0,26,True,True,2478,基础检查通过,未验证,部分完成,summary 固定病例重算,/home/PuMengYu/nnUNet_workspace/results_v2/Dataset003_Liver/nnUNetTrainer_DeepDWIBResGN__nnUNetPlans__3d_fullres/fold_0/test_prediction/summary.json,/home/PuMengYu/nnUNet_workspace/results_v2/Dataset003_Liver/nnUNetTrainer_DeepDWIBResGN__nnUNetPlans__3d_fullres/fold_0/test_report_custom.txt
R03,DeepDWIBResGN,当前对照,IRCADb,0.963011386450647,0.696085074323961,0.8295482303873041,0.5844844240153769,0.6255399244031064,0.8586417959773431,15,5,2,0.4,20,20,True,True,684,基础检查通过,未验证,完整,summary 固定病例重算,/home/PuMengYu/nnUNet_workspace/results_v2/IRCADb/source_only/DeepDWIBResGN/predictions/summary.json,/home/PuMengYu/nnUNet_workspace/results_v2/IRCADb/source_only/DeepDWIBResGN/report_custom.txt
R03,DeepDWIBResGN,当前对照,HCC,0.8265360134949508,0.35820626012654017,0.5923711368107455,0.26264690780404926,0.2795865963457131,0.675546497316796,21,0,0,,21,21,True,True,676,基础检查通过,未验证,完整,summary 固定病例重算,/home/PuMengYu/nnUNet_workspace/results_v2/Dataset013_HCCReferencedCT/source_only/DeepDWIBResGN/predictions/summary.json,/home/PuMengYu/nnUNet_workspace/results_v2/Dataset013_HCCReferencedCT/source_only/DeepDWIBResGN/report_custom.txt
R04,DeepPlainResGN,当前对照,LiTS,0.9455252114610813,0.7040419360408939,0.8247835737509877,0.5807239593976872,0.7219345571705261,0.7596414816210426,23,3,2,0.6666666666666666,0,26,True,True,2554,基础检查通过,未验证,部分完成,summary 固定病例重算,/home/PuMengYu/nnUNet_workspace/results_v2/Dataset003_Liver/nnUNetTrainer_DeepPlainResGN__nnUNetPlans__3d_fullres/fold_0/test_prediction/summary.json,/home/PuMengYu/nnUNet_workspace/results_v2/Dataset003_Liver/nnUNetTrainer_DeepPlainResGN__nnUNetPlans__3d_fullres/fold_0/test_report_custom.txt
R04,DeepPlainResGN,当前对照,IRCADb,0.9583739073279685,0.6360079057894805,0.7971909065587245,0.5280396679043766,0.5775110317469224,0.7975213883689374,15,5,3,0.6,20,20,True,True,721,基础检查通过,未验证,完整,summary 固定病例重算,/home/PuMengYu/nnUNet_workspace/results_v2/IRCADb/source_only/DeepPlainResGN/predictions/summary.json,/home/PuMengYu/nnUNet_workspace/results_v2/IRCADb/source_only/DeepPlainResGN/report_custom.txt
R04,DeepPlainResGN,当前对照,HCC,0.8227403445888457,0.33472688790425015,0.578733616246548,0.2488440983703119,0.2742302873069243,0.6324659903919256,21,0,0,,21,21,True,True,738,基础检查通过,未验证,完整,summary 固定病例重算,/home/PuMengYu/nnUNet_workspace/results_v2/Dataset013_HCCReferencedCT/source_only/DeepPlainResGN/predictions/summary.json,/home/PuMengYu/nnUNet_workspace/results_v2/Dataset013_HCCReferencedCT/source_only/DeepPlainResGN/report_custom.txt
R05,DeepPlainResGN_SizeOV4,当前对照,LiTS,0.9407401143323528,0.7244427450192112,0.832591429675782,0.5952955967709509,0.7234524925974882,0.7789288832342988,23,3,3,1.0,0,26,True,True,2538,基础检查通过,未验证,部分完成,summary 固定病例重算,/home/PuMengYu/nnUNet_workspace/results_v2/Dataset003_Liver/nnUNetTrainer_DeepPlainResGN_SizeOV4__nnUNetPlans__3d_fullres/fold_0/test_prediction/summary.json,/home/PuMengYu/nnUNet_workspace/results_v2/Dataset003_Liver/nnUNetTrainer_DeepPlainResGN_SizeOV4__nnUNetPlans__3d_fullres/fold_0/test_report_custom.txt
R05,DeepPlainResGN_SizeOV4,当前对照,IRCADb,0.9535912506420543,0.6852216655011901,0.8194064580716223,0.569639489780622,0.6358874626871919,0.8320072269479517,15,5,3,0.6,20,20,True,True,779,基础检查通过,未验证,完整,summary 固定病例重算,/home/PuMengYu/nnUNet_workspace/results_v2/IRCADb/source_only/DeepPlainResGN_SizeOV4/predictions/summary.json,/home/PuMengYu/nnUNet_workspace/results_v2/IRCADb/source_only/DeepPlainResGN_SizeOV4/report_custom.txt
R05,DeepPlainResGN_SizeOV4,当前对照,HCC,0.7936321824974238,0.2517057123974367,0.5226689474474303,0.1841544610639532,0.20593542631656817,0.6076697180397274,21,0,0,,21,21,True,True,748,基础检查通过,未验证,完整,summary 固定病例重算,/home/PuMengYu/nnUNet_workspace/results_v2/Dataset013_HCCReferencedCT/source_only/DeepPlainResGN_SizeOV4/predictions/summary.json,/home/PuMengYu/nnUNet_workspace/results_v2/Dataset013_HCCReferencedCT/source_only/DeepPlainResGN_SizeOV4/report_custom.txt
R06,DeepResGN_MLA,当前对照,LiTS,0.9458413958060816,0.7043750430636654,0.8251082194348736,0.5781424564527902,0.7118050547186696,0.7853211817583873,23,3,2,0.6666666666666666,0,26,True,True,2542,基础检查通过,未验证,部分完成,summary 固定病例重算,/home/PuMengYu/nnUNet_workspace/results_v2/Dataset003_Liver/nnUNetTrainer_DeepResGN_MLA__nnUNetPlans__3d_fullres/fold_0/test_prediction/summary.json,/home/PuMengYu/nnUNet_workspace/results_v2/Dataset003_Liver/nnUNetTrainer_DeepResGN_MLA__nnUNetPlans__3d_fullres/fold_0/test_report_custom.txt
R06,DeepResGN_MLA,当前对照,IRCADb,0.9577382632430224,0.663069585433257,0.8104039243381397,0.5473128395907587,0.5932595546688765,0.8506161537694408,15,5,3,0.6,20,20,True,True,704,基础检查通过,未验证,完整,summary 固定病例重算,/home/PuMengYu/nnUNet_workspace/results_v2/IRCADb/source_only/DeepResGN_MLA/predictions/summary.json,/home/PuMengYu/nnUNet_workspace/results_v2/IRCADb/source_only/DeepResGN_MLA/report_custom.txt
R06,DeepResGN_MLA,当前对照,HCC,0.7968372943789025,0.29950794655625373,0.5481726204675781,0.21794177481093577,0.23899179328898157,0.619533593934902,21,0,0,,21,21,True,True,742,基础检查通过,未验证,完整,summary 固定病例重算,/home/PuMengYu/nnUNet_workspace/results_v2/Dataset013_HCCReferencedCT/source_only/DeepResGN_MLA/predictions/summary.json,/home/PuMengYu/nnUNet_workspace/results_v2/Dataset013_HCCReferencedCT/source_only/DeepResGN_MLA/report_custom.txt
R07,EfficientMedNeXt_L_Official,当前对照,LiTS,0.9520261785073044,0.7515223847682562,0.8517742816377802,0.6235501837217453,0.7426728665510072,0.8032847740423539,23,3,2,0.6666666666666666,0,26,True,True,2503,基础检查通过,未验证,部分完成,summary 固定病例重算,/home/PuMengYu/nnUNet_workspace/results_v2/Dataset003_Liver/nnUNetTrainer_EfficientMedNeXt_L_Official__nnUNetPlans__3d_fullres/fold_0/test_prediction/summary.json,/home/PuMengYu/nnUNet_workspace/results_v2/Dataset003_Liver/nnUNetTrainer_EfficientMedNeXt_L_Official__nnUNetPlans__3d_fullres/fold_0/test_report_custom.txt
R07,EfficientMedNeXt_L_Official,当前对照,IRCADb,0.9656031474293657,0.6973217379072368,0.8314624426683013,0.5926443631161329,0.648269184153963,0.835818180781091,15,5,3,0.6,20,20,True,True,638,基础检查通过,未验证,完整,summary 固定病例重算,/home/PuMengYu/nnUNet_workspace/results_v2/IRCADb/source_only/EfficientMedNeXt_L_Official/predictions/summary.json,/home/PuMengYu/nnUNet_workspace/results_v2/IRCADb/source_only/EfficientMedNeXt_L_Official/report_custom.txt
R07,EfficientMedNeXt_L_Official,当前对照,HCC,0.8375068488229592,0.3467844929045759,0.5921456708637676,0.2579595634558447,0.2697129370542629,0.689366252327566,21,0,0,,21,21,True,True,674,基础检查通过,未验证,完整,summary 固定病例重算,/home/PuMengYu/nnUNet_workspace/results_v2/Dataset013_HCCReferencedCT/source_only/EfficientMedNeXt_L_Official/predictions/summary.json,/home/PuMengYu/nnUNet_workspace/results_v2/Dataset013_HCCReferencedCT/source_only/EfficientMedNeXt_L_Official/report_custom.txt
R08,MLAUNet,当前对照,LiTS,0.9502745001648599,0.7383796900253787,0.8443270950951194,0.6181131449735643,0.7103654238444814,0.807286512207965,23,3,2,0.6666666666666666,0,26,True,True,2471,基础检查通过,未验证,部分完成,summary 固定病例重算,/home/PuMengYu/nnUNet_workspace/results_v2/Dataset003_Liver/nnUNetTrainer_MLAUNet__nnUNetPlans__3d_fullres/fold_0/test_prediction/summary.json,/home/PuMengYu/nnUNet_workspace/results_v2/Dataset003_Liver/nnUNetTrainer_MLAUNet__nnUNetPlans__3d_fullres/fold_0/test_report_custom.txt
R08,MLAUNet,当前对照,IRCADb,0.9675061836647043,0.7186064565553356,0.84305632011002,0.6026924881649578,0.6320099388211802,0.8590526886191235,15,5,2,0.4,20,20,True,True,635,基础检查通过,未验证,完整,summary 固定病例重算,/home/PuMengYu/nnUNet_workspace/results_v2/IRCADb/source_only/MLAUNet/predictions/summary.json,/home/PuMengYu/nnUNet_workspace/results_v2/IRCADb/source_only/MLAUNet/report_custom.txt
R08,MLAUNet,当前对照,HCC,0.8138973518570047,0.3507861132478857,0.5823417325524453,0.26361554555519146,0.2802287317407249,0.6621540460609522,21,0,0,,21,21,True,True,709,基础检查通过,未验证,完整,summary 固定病例重算,/home/PuMengYu/nnUNet_workspace/results_v2/Dataset013_HCCReferencedCT/source_only/MLAUNet/predictions/summary.json,/home/PuMengYu/nnUNet_workspace/results_v2/Dataset013_HCCReferencedCT/source_only/MLAUNet/report_custom.txt
R09,MLAUNet_1500,当前对照,LiTS,0.9524812557712501,0.738353271783013,0.8454172637771316,0.6171534792582195,0.7123261436186314,0.8049576032237794,23,3,3,1.0,0,26,True,True,2476,基础检查通过,未验证,部分完成,summary 固定病例重算,/home/PuMengYu/nnUNet_workspace/results_v2/Dataset003_Liver/nnUNetTrainer_MLAUNet_1500__nnUNetPlans__3d_fullres/fold_0/test_prediction/summary.json,/home/PuMengYu/nnUNet_workspace/results_v2/Dataset003_Liver/nnUNetTrainer_MLAUNet_1500__nnUNetPlans__3d_fullres/fold_0/test_report_custom.txt
R09,MLAUNet_1500,当前对照,IRCADb,0.9673095224600139,0.6912398822674891,0.8292747023637514,0.5775004460398622,0.6453012202449554,0.8012724207897551,15,5,2,0.4,20,20,True,True,667,基础检查通过,未验证,完整,summary 固定病例重算,/home/PuMengYu/nnUNet_workspace/results_v2/IRCADb/source_only/MLAUNet_1500/predictions/summary.json,/home/PuMengYu/nnUNet_workspace/results_v2/IRCADb/source_only/MLAUNet_1500/report_custom.txt
R09,MLAUNet_1500,当前对照,HCC,0.8340118062708589,0.365735317302646,0.5998735617867524,0.2750966646914373,0.28668695271221817,0.735837866055156,21,0,0,,21,21,True,True,690,基础检查通过,未验证,完整,summary 固定病例重算,/home/PuMengYu/nnUNet_workspace/results_v2/Dataset013_HCCReferencedCT/source_only/MLAUNet_1500/predictions/summary.json,/home/PuMengYu/nnUNet_workspace/results_v2/Dataset013_HCCReferencedCT/source_only/MLAUNet_1500/report_custom.txt
R10,MLA_GK5_V4,当前对照,LiTS,0.9535051253260055,0.7402881200019178,0.8468966226639616,0.619151488789012,0.708409940869351,0.8285216229471883,23,3,2,0.6666666666666666,0,26,True,True,2471,基础检查通过,未验证,部分完成,summary 固定病例重算,/home/PuMengYu/nnUNet_workspace/results_v2/Dataset003_Liver/nnUNetTrainer_MLA_GK5_V4__nnUNetPlans__3d_fullres/fold_0/test_prediction/summary.json,/home/PuMengYu/nnUNet_workspace/results_v2/Dataset003_Liver/nnUNetTrainer_MLA_GK5_V4__nnUNetPlans__3d_fullres/fold_0/test_report_custom.txt
R10,MLA_GK5_V4,当前对照,IRCADb,0.9656331557897483,0.7091997315553432,0.8374164436725458,0.5954155193140578,0.6472050656345529,0.8263087033755807,15,5,2,0.4,20,20,True,True,666,基础检查通过,未验证,完整,summary 固定病例重算,/home/PuMengYu/nnUNet_workspace/results_v2/IRCADb/source_only/MLA_GK5_V4/predictions/summary.json,/home/PuMengYu/nnUNet_workspace/results_v2/IRCADb/source_only/MLA_GK5_V4/report_custom.txt
R10,MLA_GK5_V4,当前对照,HCC,0.8416334232639278,0.33992274166256875,0.5907780824632483,0.25539834311476756,0.2683255541964372,0.6654866805807091,21,0,0,,21,21,True,True,682,基础检查通过,未验证,完整,summary 固定病例重算,/home/PuMengYu/nnUNet_workspace/results_v2/Dataset013_HCCReferencedCT/source_only/MLA_GK5_V4/predictions/summary.json,/home/PuMengYu/nnUNet_workspace/results_v2/Dataset013_HCCReferencedCT/source_only/MLA_GK5_V4/report_custom.txt
R11,MedNeXt,当前对照,LiTS,0.9521297428843847,0.7600085053164968,0.8560691241004408,0.6382413405628392,0.7334088921778964,0.8481041586650945,23,3,1,0.3333333333333333,0,26,True,True,2491,基础检查通过,未验证,部分完成,summary 固定病例重算,/home/PuMengYu/nnUNet_workspace/results_v2/Dataset003_Liver/nnUNetTrainer_MedNeXt__nnUNetPlans__3d_fullres/fold_0/test_prediction/summary.json,/home/PuMengYu/nnUNet_workspace/results_v2/Dataset003_Liver/nnUNetTrainer_MedNeXt__nnUNetPlans__3d_fullres/fold_0/test_report_custom.txt
R11,MedNeXt,当前对照,IRCADb,0.9659963884977134,0.6899549938756696,0.8279756911866916,0.5788740826165463,0.6554151098366134,0.7876713670796326,15,5,3,0.6,20,20,True,True,686,基础检查通过,未验证,完整,summary 固定病例重算,/home/PuMengYu/nnUNet_workspace/results_v2/IRCADb/source_only/MedNeXt/predictions/summary.json,/home/PuMengYu/nnUNet_workspace/results_v2/IRCADb/source_only/MedNeXt/report_custom.txt
R11,MedNeXt,当前对照,HCC,0.8383156066673871,0.41745956430039016,0.6278875854838887,0.33604802707015996,0.35818946188807094,0.6295236148255599,21,0,0,,21,21,True,True,701,基础检查通过,未验证,完整,summary 固定病例重算,/home/PuMengYu/nnUNet_workspace/results_v2/Dataset013_HCCReferencedCT/source_only/MedNeXt/predictions/summary.json,/home/PuMengYu/nnUNet_workspace/results_v2/Dataset013_HCCReferencedCT/source_only/MedNeXt/report_custom.txt
R12,MedNeXt_MHA,当前对照,LiTS,0.9532772958698187,0.7543694373171366,0.8538233665934776,0.6363664478452837,0.7330274362322334,0.8084369838314097,23,3,1,0.3333333333333333,0,26,True,True,2477,基础检查通过,未验证,部分完成,summary 固定病例重算,/home/PuMengYu/nnUNet_workspace/results_v2/Dataset003_Liver/nnUNetTrainer_MedNeXt_MHA__nnUNetPlans__3d_fullres/fold_0/test_prediction/summary.json,/home/PuMengYu/nnUNet_workspace/results_v2/Dataset003_Liver/nnUNetTrainer_MedNeXt_MHA__nnUNetPlans__3d_fullres/fold_0/test_report_custom.txt
R12,MedNeXt_MHA,当前对照,IRCADb,0.9671502352733474,0.7303158623003669,0.8487330487868572,0.6191896058679547,0.6584439099030549,0.84483549983611,15,5,3,0.6,20,20,True,True,665,基础检查通过,未验证,完整,summary 固定病例重算,/home/PuMengYu/nnUNet_workspace/results_v2/IRCADb/source_only/MedNeXt_MHA/predictions/summary.json,/home/PuMengYu/nnUNet_workspace/results_v2/IRCADb/source_only/MedNeXt_MHA/report_custom.txt
R12,MedNeXt_MHA,当前对照,HCC,0.8434786651902638,0.4034701256200263,0.623474395405145,0.3173743562874337,0.33555829851845864,0.658332681758402,21,0,0,,21,21,True,True,691,基础检查通过,未验证,完整,summary 固定病例重算,/home/PuMengYu/nnUNet_workspace/results_v2/Dataset013_HCCReferencedCT/source_only/MedNeXt_MHA/predictions/summary.json,/home/PuMengYu/nnUNet_workspace/results_v2/Dataset013_HCCReferencedCT/source_only/MedNeXt_MHA/report_custom.txt
R13,MedNeXt_MLA,当前对照,LiTS,0.9512716702682179,0.7534763067857281,0.852373988526973,0.6346051026824233,0.7577206582202681,0.775231059914927,23,3,1,0.3333333333333333,0,26,True,True,2487,基础检查通过,未验证,部分完成,summary 固定病例重算,/home/PuMengYu/nnUNet_workspace/results_v2/Dataset003_Liver/nnUNetTrainer_MedNeXt_MLA__nnUNetPlans__3d_fullres/fold_0/test_prediction/summary.json,/home/PuMengYu/nnUNet_workspace/results_v2/Dataset003_Liver/nnUNetTrainer_MedNeXt_MLA__nnUNetPlans__3d_fullres/fold_0/test_report_custom.txt
R13,MedNeXt_MLA,当前对照,IRCADb,0.9659647952891067,0.6778259829906541,0.8218953891398804,0.5684274516390536,0.6779184465148466,0.7572006912115027,15,5,3,0.6,20,20,True,True,695,基础检查通过,未验证,完整,summary 固定病例重算,/home/PuMengYu/nnUNet_workspace/results_v2/IRCADb/source_only/MedNeXt_MLA/predictions/summary.json,/home/PuMengYu/nnUNet_workspace/results_v2/IRCADb/source_only/MedNeXt_MLA/report_custom.txt
R13,MedNeXt_MLA,当前对照,HCC,0.8417674841374334,0.46454944251940233,0.6531584633284179,0.36917607903837635,0.393718035432709,0.6853925572998951,21,0,0,,21,21,True,True,681,基础检查通过,未验证,完整,summary 固定病例重算,/home/PuMengYu/nnUNet_workspace/results_v2/Dataset013_HCCReferencedCT/source_only/MedNeXt_MLA/predictions/summary.json,/home/PuMengYu/nnUNet_workspace/results_v2/Dataset013_HCCReferencedCT/source_only/MedNeXt_MLA/report_custom.txt
R14,MedNeXt_SizeOV4,当前对照,LiTS,0.9544742589100004,0.7634980080927304,0.8589861335013653,0.643244144533283,0.7361428605790749,0.8542443945114158,23,3,1,0.3333333333333333,0,26,True,True,2472,基础检查通过,未验证,部分完成,summary 固定病例重算,/home/PuMengYu/nnUNet_workspace/results_v2/Dataset003_Liver/nnUNetTrainer_MedNeXt_SizeOV4__nnUNetPlans__3d_fullres/fold_0/test_prediction/summary.json,/home/PuMengYu/nnUNet_workspace/results_v2/Dataset003_Liver/nnUNetTrainer_MedNeXt_SizeOV4__nnUNetPlans__3d_fullres/fold_0/test_report_custom.txt
R14,MedNeXt_SizeOV4,当前对照,IRCADb,0.9650739698514703,0.7131023660833298,0.8390881679674,0.5990957203038814,0.6499614418429044,0.8153864611123144,15,5,3,0.6,20,20,True,True,660,基础检查通过,未验证,完整,summary 固定病例重算,/home/PuMengYu/nnUNet_workspace/results_v2/IRCADb/source_only/MedNeXt_SizeOV4/predictions/summary.json,/home/PuMengYu/nnUNet_workspace/results_v2/IRCADb/source_only/MedNeXt_SizeOV4/report_custom.txt
R14,MedNeXt_SizeOV4,当前对照,HCC,0.8146018947341619,0.3404879078040772,0.5775449012691195,0.26378053054118716,0.278175786452921,0.613704395193522,21,0,0,,21,21,True,True,690,基础检查通过,未验证,完整,summary 固定病例重算,/home/PuMengYu/nnUNet_workspace/results_v2/Dataset013_HCCReferencedCT/source_only/MedNeXt_SizeOV4/predictions/summary.json,/home/PuMengYu/nnUNet_workspace/results_v2/Dataset013_HCCReferencedCT/source_only/MedNeXt_SizeOV4/report_custom.txt
R15,NoMirror,当前对照,LiTS,0.9581,0.7267,0.8424,,,,,,,,0,26,False,True,0,基础检查通过,未验证,部分完成,仅历史报告,/home/PuMengYu/nnUNet_workspace/results_v2/Dataset003_Liver/nnUNetTrainer_NoMirror__nnUNetPlans__3d_fullres/fold_0/test_prediction/summary.json,/home/PuMengYu/nnUNet_workspace/results_v2/Dataset003_Liver/nnUNetTrainer_NoMirror__nnUNetPlans__3d_fullres/fold_0/test_report_custom.txt
R15,NoMirror,当前对照,IRCADb,0.7766467935911561,0.4125245732933951,0.5945856834422756,0.3146877948288906,0.3540798624357888,0.5847346085646553,15,5,4,0.8,20,20,True,True,705,基础检查通过,未验证,完整,summary 固定病例重算,/home/PuMengYu/nnUNet_workspace/results_v2/IRCADb/source_only/NoMirror/predictions/summary.json,/home/PuMengYu/nnUNet_workspace/results_v2/IRCADb/source_only/NoMirror/report_custom.txt
R15,NoMirror,当前对照,HCC,0.6132697941619206,0.23883266638148581,0.4260512302717032,0.173389902250123,0.1812803751079667,0.5269912388799737,21,0,0,,21,21,True,True,784,基础检查通过,未验证,完整,summary 固定病例重算,/home/PuMengYu/nnUNet_workspace/results_v2/Dataset013_HCCReferencedCT/source_only/NoMirror/predictions/summary.json,/home/PuMengYu/nnUNet_workspace/results_v2/Dataset013_HCCReferencedCT/source_only/NoMirror/report_custom.txt
R16,SizeOV2,当前对照,LiTS,0.9516342137431908,0.7454508910493871,0.848542552396289,0.6251642084717444,0.710451988850851,0.8141732543609576,23,3,2,0.6666666666666666,0,26,True,True,0,基础检查通过,未验证,部分完成,summary 固定病例重算,/home/PuMengYu/nnUNet_workspace/results_v2/Dataset003_Liver/nnUNetTrainer_SizeOversampleV2__nnUNetPlans__3d_fullres/fold_0/test_prediction/summary.json,/home/PuMengYu/nnUNet_workspace/results_v2/Dataset003_Liver/nnUNetTrainer_SizeOversampleV2__nnUNetPlans__3d_fullres/fold_0/test_report_custom.txt
R16,SizeOV2,当前对照,IRCADb,0.9676059867941929,0.714824422613849,0.8412152047040209,0.5967820744073637,0.6352156993766491,0.8553503488606073,15,5,2,0.4,20,20,True,True,631,基础检查通过,未验证,完整,summary 固定病例重算,/home/PuMengYu/nnUNet_workspace/results_v2/IRCADb/source_only/SizeOV2/predictions/summary.json,/home/PuMengYu/nnUNet_workspace/results_v2/IRCADb/source_only/SizeOV2/report_custom.txt
R16,SizeOV2,当前对照,HCC,0.8382195853019209,0.36531114763501893,0.6017653664684699,0.27775861656109635,0.2882312439751301,0.7107993578682303,21,0,0,,21,21,True,True,678,基础检查通过,未验证,完整,summary 固定病例重算,/home/PuMengYu/nnUNet_workspace/results_v2/Dataset013_HCCReferencedCT/source_only/SizeOV2/predictions/summary.json,/home/PuMengYu/nnUNet_workspace/results_v2/Dataset013_HCCReferencedCT/source_only/SizeOV2/report_custom.txt
R17,SizeOV3_NoMirror,当前对照,LiTS,0.9590532187999095,0.7227162301157798,0.8408847244578446,0.6005871533534152,0.6704702618102918,0.822825432851789,23,3,2,0.6666666666666666,0,26,True,True,0,基础检查通过,未验证,部分完成,summary 固定病例重算,/home/PuMengYu/nnUNet_workspace/results_v2/Dataset003_Liver/nnUNetTrainer_SizeOversampleV3_NoMirror__nnUNetPlans__3d_fullres/fold_0/test_prediction/summary.json,/home/PuMengYu/nnUNet_workspace/results_v2/Dataset003_Liver/nnUNetTrainer_SizeOversampleV3_NoMirror__nnUNetPlans__3d_fullres/fold_0/test_report_custom.txt
R17,SizeOV3_NoMirror,当前对照,IRCADb,0.7668231231198985,0.386475598266151,0.5766493606930247,0.2873940736765518,0.3267387755119239,0.5489134509971341,15,5,3,0.6,20,20,True,True,714,基础检查通过,未验证,完整,summary 固定病例重算,/home/PuMengYu/nnUNet_workspace/results_v2/IRCADb/source_only/SizeOV3_NoMirror/predictions/summary.json,/home/PuMengYu/nnUNet_workspace/results_v2/IRCADb/source_only/SizeOV3_NoMirror/report_custom.txt
R17,SizeOV3_NoMirror,当前对照,HCC,0.5761491813641142,0.20674651293225565,0.3914478471481849,0.13925155091064742,0.14603396136735403,0.47456354897291336,21,0,0,,21,21,True,True,781,基础检查通过,未验证,完整,summary 固定病例重算,/home/PuMengYu/nnUNet_workspace/results_v2/Dataset013_HCCReferencedCT/source_only/SizeOV3_NoMirror/predictions/summary.json,/home/PuMengYu/nnUNet_workspace/results_v2/Dataset013_HCCReferencedCT/source_only/SizeOV3_NoMirror/report_custom.txt
R18,SwinUNETR,当前对照,LiTS,0.9391522138231875,0.6575271193070497,0.7983396665651186,0.5328249005600422,0.6960152625555394,0.7045149404992314,23,3,1,0.3333333333333333,0,26,True,True,2617,基础检查通过,未验证,部分完成,summary 固定病例重算,/home/PuMengYu/nnUNet_workspace/results_v2/Dataset003_Liver/nnUNetTrainer_SwinUNETR__nnUNetPlans__3d_fullres/fold_0/test_prediction/summary.json,/home/PuMengYu/nnUNet_workspace/results_v2/Dataset003_Liver/nnUNetTrainer_SwinUNETR__nnUNetPlans__3d_fullres/fold_0/test_report_custom.txt
R18,SwinUNETR,当前对照,IRCADb,0.9543444009240512,0.6619082803344168,0.808126340629234,0.5544107412589528,0.6034337313590947,0.766632951414406,15,5,4,0.8,20,20,True,True,722,基础检查通过,未验证,完整,summary 固定病例重算,/home/PuMengYu/nnUNet_workspace/results_v2/IRCADb/source_only/SwinUNETR/predictions/summary.json,/home/PuMengYu/nnUNet_workspace/results_v2/IRCADb/source_only/SwinUNETR/report_custom.txt
R18,SwinUNETR,当前对照,HCC,0.7926512120991392,0.19489056307789618,0.4937708875885177,0.14025584421230267,0.14533673402330838,0.6115178793463747,21,0,0,,21,21,True,True,681,基础检查通过,未验证,完整,summary 固定病例重算,/home/PuMengYu/nnUNet_workspace/results_v2/Dataset013_HCCReferencedCT/source_only/SwinUNETR/predictions/summary.json,/home/PuMengYu/nnUNet_workspace/results_v2/Dataset013_HCCReferencedCT/source_only/SwinUNETR/report_custom.txt
R19,nnFormer,当前对照,LiTS,0.944804273074181,0.6799520616585307,0.8123781673663559,0.5595538986729208,0.7049108247090466,0.7274583921980861,23,3,3,1.0,0,26,True,True,2517,基础检查通过,未验证,部分完成,summary 固定病例重算,/home/PuMengYu/nnUNet_workspace/results_v2/Dataset003_Liver/nnUNetTrainer_nnFormer__nnUNetPlans__3d_fullres/fold_0/test_prediction/summary.json,/home/PuMengYu/nnUNet_workspace/results_v2/Dataset003_Liver/nnUNetTrainer_nnFormer__nnUNetPlans__3d_fullres/fold_0/test_report_custom.txt
R19,nnFormer,当前对照,IRCADb,0.9599780620771886,0.6859458178801044,0.8229619399786465,0.5732179834327391,0.6199408087997174,0.8455383910649299,15,5,2,0.4,20,20,True,True,637,基础检查通过,未验证,完整,summary 固定病例重算,/home/PuMengYu/nnUNet_workspace/results_v2/IRCADb/source_only/nnFormer/predictions/summary.json,/home/PuMengYu/nnUNet_workspace/results_v2/IRCADb/source_only/nnFormer/report_custom.txt
R19,nnFormer,当前对照,HCC,0.8207215502443402,0.27548977421587606,0.5481056622301081,0.19741417906953385,0.20627107875050738,0.6749824804379845,21,0,0,,21,21,True,True,743,基础检查通过,未验证,完整,summary 固定病例重算,/home/PuMengYu/nnUNet_workspace/results_v2/Dataset013_HCCReferencedCT/source_only/nnFormer/predictions/summary.json,/home/PuMengYu/nnUNet_workspace/results_v2/Dataset013_HCCReferencedCT/source_only/nnFormer/report_custom.txt
R20,MedNeXt_MHA_MoE,修复后,LiTS,0.9506465848533389,0.757600516831874,0.8541235508426064,0.6370182203174017,0.7513784889181645,0.8327073789441447,23,3,1,0.3333333333333333,26,26,True,True,2491,基础检查通过,运行记录 epoch 一致（无哈希）,完整,summary 固定病例重算,/home/PuMengYu/nnUNet_workspace/results_v2_baseline_retrain_20260902/Dataset003_Liver/nnUNetTrainer_MedNeXt_MHA_MoE__nnUNetPlans__3d_fullres/fold_0/test_prediction/summary.json,/home/PuMengYu/nnUNet_workspace/results_v2_baseline_retrain_20260902/Dataset003_Liver/nnUNetTrainer_MedNeXt_MHA_MoE__nnUNetPlans__3d_fullres/fold_0/test_report_custom.txt
R20,MedNeXt_MHA_MoE,修复后,IRCADb,0.9649532139102733,0.7070442358220959,0.8359987248661847,0.5957624415175449,0.6659475101928969,0.7907833901204834,15,5,3,0.6,20,20,True,True,692,基础检查通过,哈希一致,完整,summary 固定病例重算,/home/PuMengYu/nnUNet_workspace/results_v2_baseline_retrain_20260902/IRCADb/source_only/MedNeXt_MHA_MoE/predictions/summary.json,/home/PuMengYu/nnUNet_workspace/results_v2_baseline_retrain_20260902/IRCADb/source_only/MedNeXt_MHA_MoE/report_custom.txt
R20,MedNeXt_MHA_MoE,修复后,HCC,0.8394138655422694,0.43416752727826025,0.6367906964102648,0.3447656406636555,0.39326162938561254,0.5969157370339188,21,0,0,,21,21,True,True,792,基础检查通过,哈希一致,完整,summary 固定病例重算,/home/PuMengYu/nnUNet_workspace/results_v2_baseline_retrain_20260902/ExternalVal_HCCReferencedCT/MedNeXt_MHA_MoE/predictions/summary.json,/home/PuMengYu/nnUNet_workspace/results_v2_baseline_retrain_20260902/ExternalVal_HCCReferencedCT/MedNeXt_MHA_MoE/report_custom.txt
R21,MedNeXt_MLA_MoE,修复后,LiTS,0.9496553223924613,0.7508732552541225,0.8502642888232919,0.6262923475633952,0.7400854306565631,0.8205340743329657,23,3,2,0.6666666666666666,26,26,True,True,2515,基础检查通过,运行记录 epoch 一致（无哈希）,完整,summary 固定病例重算,/home/PuMengYu/8T/nnUNet_result/results_v2_moe_retrain_after_fix_20260907/Dataset003_Liver/nnUNetTrainer_MedNeXt_MLA_MoE__nnUNetPlans__3d_fullres/fold_0/test_prediction/summary.json,/home/PuMengYu/8T/nnUNet_result/results_v2_moe_retrain_after_fix_20260907/Dataset003_Liver/nnUNetTrainer_MedNeXt_MLA_MoE__nnUNetPlans__3d_fullres/fold_0/test_report_custom.txt
R21,MedNeXt_MLA_MoE,修复后,IRCADb,0.9618341944944332,0.672930471913791,0.8173823332041121,0.5477264265916202,0.6335462259160806,0.7746353754648899,15,5,3,0.6,20,20,True,True,726,基础检查通过,哈希一致,完整,summary 固定病例重算,/home/PuMengYu/8T/nnUNet_result/results_v2_moe_retrain_after_fix_20260907/IRCADb/source_only/MedNeXt_MLA_MoE/predictions/summary.json,/home/PuMengYu/8T/nnUNet_result/results_v2_moe_retrain_after_fix_20260907/IRCADb/source_only/MedNeXt_MLA_MoE/report_custom.txt
R21,MedNeXt_MLA_MoE,修复后,HCC,0.8405345082350266,0.4511177271683275,0.6458261177016771,0.36015249246547126,0.3950678837288197,0.6649142627749024,21,0,0,,21,21,True,True,686,基础检查通过,哈希一致,完整,summary 固定病例重算,/home/PuMengYu/8T/nnUNet_result/results_v2_moe_retrain_after_fix_20260907/ExternalVal_HCCReferencedCT/MedNeXt_MLA_MoE/predictions/summary.json,/home/PuMengYu/8T/nnUNet_result/results_v2_moe_retrain_after_fix_20260907/ExternalVal_HCCReferencedCT/MedNeXt_MLA_MoE/report_custom.txt
R22,MedNeXt_MLA_MoE_SizeOV4,修复后,LiTS,0.9532890126751817,0.7589225095292255,0.8561057611022036,0.6405653773342145,0.7308947189644602,0.8143387435427533,23,3,2,0.6666666666666666,26,26,True,True,2472,基础检查通过,运行记录 epoch 一致（无哈希）,完整,summary 固定病例重算,/home/PuMengYu/8T/nnUNet_result/results_v2_moe_sizeov4_retrain_after_fix_20260910/Dataset003_Liver/nnUNetTrainer_MedNeXt_MLA_MoE_SizeOV4__nnUNetPlans__3d_fullres/fold_0/test_prediction/summary.json,/home/PuMengYu/8T/nnUNet_result/results_v2_moe_sizeov4_retrain_after_fix_20260910/Dataset003_Liver/nnUNetTrainer_MedNeXt_MLA_MoE_SizeOV4__nnUNetPlans__3d_fullres/fold_0/test_report_custom.txt
R22,MedNeXt_MLA_MoE_SizeOV4,修复后,IRCADb,0.9645336265606439,0.7203156288918108,0.8424246277262273,0.6059272043943965,0.6460858687206879,0.8362372608954971,15,5,2,0.4,20,20,True,True,682,基础检查通过,哈希一致,完整,summary 固定病例重算,/home/PuMengYu/8T/nnUNet_result/results_v2_moe_sizeov4_retrain_after_fix_20260910/IRCADb/source_only/MedNeXt_MLA_MoE_SizeOV4/predictions/summary.json,/home/PuMengYu/8T/nnUNet_result/results_v2_moe_sizeov4_retrain_after_fix_20260910/IRCADb/source_only/MedNeXt_MLA_MoE_SizeOV4/report_custom.txt
R22,MedNeXt_MLA_MoE_SizeOV4,修复后,HCC,0.8464623090300704,0.44309436124175533,0.6447783351359129,0.3432445909784286,0.36525276875429175,0.687052477329299,21,0,0,,21,21,True,True,712,基础检查通过,哈希一致,完整,summary 固定病例重算,/home/PuMengYu/8T/nnUNet_result/results_v2_moe_sizeov4_retrain_after_fix_20260910/ExternalVal_HCCReferencedCT/MedNeXt_MLA_MoE_SizeOV4/predictions/summary.json,/home/PuMengYu/8T/nnUNet_result/results_v2_moe_sizeov4_retrain_after_fix_20260910/ExternalVal_HCCReferencedCT/MedNeXt_MLA_MoE_SizeOV4/report_custom.txt
