dataset,case_id,failed_methods,total_methods,failure_proportion,all_methods_failed,majority_failed,failure_threshold
HCCReferencedCT v2,HCC_003,30,30,1.0,True,True,0.3
HCCReferencedCT v2,HCC_011,30,30,1.0,True,True,0.3
HCCReferencedCT v2,HCC_026,30,30,1.0,True,True,0.3
HCCReferencedCT v2,HCC_055,30,30,1.0,True,True,0.3
HCCReferencedCT v2,HCC_068,30,30,1.0,True,True,0.3
HCCReferencedCT v2,HCC_078,30,30,1.0,True,True,0.3
HCCReferencedCT v2,HCC_052,28,30,0.9333333333333333,False,True,0.3
HCCReferencedCT v2,HCC_020,27,30,0.9,False,True,0.3
HCCReferencedCT v2,HCC_047,27,30,0.9,False,True,0.3
HCCReferencedCT v2,HCC_082,27,30,0.9,False,True,0.3
HCCReferencedCT v2,HCC_060,20,30,0.6666666666666666,False,True,0.3
HCCReferencedCT v2,HCC_028,11,30,0.36666666666666664,False,False,0.3
HCCReferencedCT v2,HCC_071,11,30,0.36666666666666664,False,False,0.3
HCCReferencedCT v2,HCC_021,6,30,0.2,False,False,0.3
HCCReferencedCT v2,HCC_083,6,30,0.2,False,False,0.3
HCCReferencedCT v2,HCC_081,5,30,0.16666666666666666,False,False,0.3
HCCReferencedCT v2,HCC_025,4,30,0.13333333333333333,False,False,0.3
HCCReferencedCT v2,HCC_102,3,30,0.1,False,False,0.3
HCCReferencedCT v2,HCC_058,2,30,0.06666666666666667,False,False,0.3
HCCReferencedCT v2,HCC_059,2,30,0.06666666666666667,False,False,0.3
HCCReferencedCT v2,HCC_093,1,30,0.03333333333333333,False,False,0.3
