dataset,comparison,comparison_label,main_model,comparator,metric,metric_label,n_pairs,main_mean,main_std,main_median,main_q1,main_q3,comparator_mean,comparator_std,comparator_median,comparator_q1,comparator_q3,mean_difference,median_difference,difference_q1,difference_q3,bootstrap_ci_low,bootstrap_ci_high,wilcoxon_p_raw,wilcoxon_p_holm,bootstrap_repetitions,random_seed
Internal,MedNeXt_MLA_MoE vs MedNeXt,完整组合 vs 原始骨干,MedNeXt_MLA_MoE,MedNeXt,tumor_dice,Tumor Dice,23,0.7508732552541225,0.17564692489521963,0.8247868450859076,0.6880287699592416,0.8671654936647328,0.7600085053164969,0.1736480833025444,0.8026803225103508,0.705828232709826,0.8760784250919749,-0.009135250062374343,-0.004131686328540329,-0.016340694099513664,0.006195794467244997,-0.027547147169216454,0.00866889309158884,0.39307284355163574,1.0,10000,20260727
Internal,MedNeXt_MLA_MoE vs MedNeXt,完整组合 vs 原始骨干,MedNeXt_MLA_MoE,MedNeXt,tumor_recall,Tumor Recall,23,0.7400854306565631,0.20778785417167342,0.8042498227129977,0.668296456287432,0.8946215050158213,0.7334088921778962,0.20889738371997726,0.8298052497883149,0.6644645953664663,0.8822820140880212,0.006676538478666782,0.010136986301369832,-0.018021239140204606,0.02553394247019458,-0.017020352343738932,0.028072796846771022,0.3765220642089844,0.3765220642089844,10000,20260727
Internal,MedNeXt_MLA_MoE vs MedNeXt,完整组合 vs 原始骨干,MedNeXt_MLA_MoE,MedNeXt,tumor_precision,Tumor Precision,23,0.8205340743329657,0.14124922233293785,0.8615211928723581,0.7897273612644925,0.9080219067682733,0.8481041586650945,0.1320307550668351,0.8866156293190645,0.8172268676824659,0.9435227747705675,-0.0275700843321291,-0.014041290035102794,-0.05148572364976761,0.0053247060664160795,-0.05712646676053198,0.0010223283995611163,0.032669782638549805,0.09800934791564941,10000,20260727
Internal,MedNeXt_MLA_MoE vs MedNeXt,完整组合 vs 原始骨干,MedNeXt_MLA_MoE,MedNeXt,liver_dice,Liver Dice,26,0.9496553223924615,0.0520825346764113,0.9604071450687355,0.948905498405866,0.967846386846418,0.9521297428843847,0.05113879592108126,0.9658008568882004,0.9520520969141034,0.9765074658107642,-0.0024744204919232996,-0.0029966874083234285,-0.009229313121355748,-0.0014180289110582167,-0.0260663127312709,0.02089366667837115,0.0009347796440124512,0.0028043389320373535,10000,20260727
Internal,MedNeXt_MLA_MoE vs MedNeXt_MHA_MoE,固定 MoE：MLA vs MHA,MedNeXt_MLA_MoE,MedNeXt_MHA_MoE,tumor_dice,Tumor Dice,23,0.7508732552541225,0.17564692489521963,0.8247868450859076,0.6880287699592416,0.8671654936647328,0.757600516831874,0.18364350058216053,0.8178767002296414,0.6967531393486763,0.869908867052355,-0.006727261577751505,-0.001282749547028339,-0.0228394467415432,0.009394208545134675,-0.01854247785176939,0.0045176242242461005,0.5202305316925049,1.0,10000,20260727
Internal,MedNeXt_MLA_MoE vs MedNeXt_MHA_MoE,固定 MoE：MLA vs MHA,MedNeXt_MLA_MoE,MedNeXt_MHA_MoE,tumor_recall,Tumor Recall,23,0.7400854306565631,0.20778785417167342,0.8042498227129977,0.668296456287432,0.8946215050158213,0.7513784889181645,0.22025851573150784,0.826284064431162,0.700957975693467,0.9092988898922054,-0.011293058261601405,-0.011854360711261669,-0.034979697650607045,0.008339548863964152,-0.026369510792097203,0.0036479794916718868,0.15107226371765137,0.30214452743530273,10000,20260727
Internal,MedNeXt_MLA_MoE vs MedNeXt_MHA_MoE,固定 MoE：MLA vs MHA,MedNeXt_MLA_MoE,MedNeXt_MHA_MoE,tumor_precision,Tumor Precision,23,0.8205340743329657,0.14124922233293785,0.8615211928723581,0.7897273612644925,0.9080219067682733,0.8327073789441445,0.13140815050058288,0.8703017045909248,0.7840806757927941,0.9279382358212072,-0.012173304611178942,0.0,-0.017061145905845898,0.01761838422154549,-0.0407114039266625,0.009958776644266787,0.7825803044501396,0.963904857635498,10000,20260727
Internal,MedNeXt_MLA_MoE vs MedNeXt_MHA_MoE,固定 MoE：MLA vs MHA,MedNeXt_MLA_MoE,MedNeXt_MHA_MoE,liver_dice,Liver Dice,26,0.9496553223924615,0.0520825346764113,0.9604071450687355,0.948905498405866,0.967846386846418,0.9506465848533386,0.05381293927948482,0.9623033831460809,0.9508335882071263,0.9754901135951616,-0.0009912624608772308,-0.002592476096968388,-0.008196420506796281,-0.00071156328379543,-0.026321196024999664,0.0244201175076523,0.011966735124588013,0.023933470249176025,10000,20260727
Internal,MedNeXt_MLA_MoE vs MedNeXt_MLA,固定 MLA：MoE vs MLP,MedNeXt_MLA_MoE,MedNeXt_MLA,tumor_dice,Tumor Dice,23,0.7508732552541225,0.17564692489521963,0.8247868450859076,0.6880287699592416,0.8671654936647328,0.7534763067857281,0.20046376192171553,0.8076791498465539,0.7235087386299413,0.863908263780256,-0.002603051531605406,-0.004614355036509754,-0.021620540218648343,0.008686602562067491,-0.023999066343349328,0.019504624767539468,0.5009052753448486,1.0,10000,20260727
Internal,MedNeXt_MLA_MoE vs MedNeXt_MLA,固定 MLA：MoE vs MLP,MedNeXt_MLA_MoE,MedNeXt_MLA,tumor_recall,Tumor Recall,23,0.7400854306565631,0.20778785417167342,0.8042498227129977,0.668296456287432,0.8946215050158213,0.7577206582202681,0.22114801088514696,0.8204911092294666,0.7093495357712989,0.9012091147511534,-0.017635227563705152,-0.020656560841516458,-0.03835874344889845,0.0038311851325551483,-0.041946285526160074,0.004400152283156076,0.09175300598144531,0.27525901794433594,10000,20260727
Internal,MedNeXt_MLA_MoE vs MedNeXt_MLA,固定 MLA：MoE vs MLP,MedNeXt_MLA_MoE,MedNeXt_MLA,tumor_precision,Tumor Precision,23,0.8205340743329657,0.14124922233293785,0.8615211928723581,0.7897273612644925,0.9080219067682733,0.775231059914927,0.21709438947739612,0.8290706194669005,0.7045144787087351,0.9194769915520888,0.04530301441803853,0.005729592514378767,-0.016873032185611925,0.030308953899020052,-0.011734705778269704,0.1409868349199674,0.481952428817749,0.963904857635498,10000,20260727
Internal,MedNeXt_MLA_MoE vs MedNeXt_MLA,固定 MLA：MoE vs MLP,MedNeXt_MLA_MoE,MedNeXt_MLA,liver_dice,Liver Dice,26,0.9496553223924615,0.0520825346764113,0.9604071450687355,0.948905498405866,0.967846386846418,0.951271670268218,0.05193790109507124,0.9599555518375902,0.9523610495348108,0.9759156120339861,-0.001616347875756481,-0.002535939649247254,-0.009654348416509473,-1.5153627719782792e-05,-0.026668846964181613,0.02265352039252431,0.031220704317092896,0.031220704317092896,10000,20260727
IRCADb,MedNeXt_MLA_MoE vs MedNeXt,完整组合 vs 原始骨干,MedNeXt_MLA_MoE,MedNeXt,tumor_dice,Tumor Dice,15,0.672930471913791,0.25177044569381724,0.7546892239794042,0.6789171718560377,0.8199868093670247,0.6899549938756696,0.2779284268096851,0.7739779202179391,0.71311168129947,0.8578122142312017,-0.017024521961878807,-0.0017031865654740797,-0.019981717563211154,0.011605543292007248,-0.06746009721376185,0.02915816378569713,0.550923682773407,0.550923682773407,10000,20260727
IRCADb,MedNeXt_MLA_MoE vs MedNeXt,完整组合 vs 原始骨干,MedNeXt_MLA_MoE,MedNeXt,tumor_recall,Tumor Recall,15,0.6335462259160806,0.22475620264541912,0.6545853547447673,0.5905507344863676,0.771754599571175,0.6554151098366134,0.24008141829072865,0.6985143791740493,0.5943919078961535,0.7794636828932728,-0.0218688839205326,0.011185499673416088,-0.0019762845849802257,0.017743387740619065,-0.09111324704355085,0.021263154993764247,0.421578895217645,0.84315779043529,10000,20260727
IRCADb,MedNeXt_MLA_MoE vs MedNeXt,完整组合 vs 原始骨干,MedNeXt_MLA_MoE,MedNeXt,tumor_precision,Tumor Precision,15,0.7746353754648899,0.33819272514352994,0.9491211840888066,0.7128971585897546,0.978017914041428,0.7876713670796326,0.3458141821219147,0.9551445892272316,0.8382516386737929,0.986687450563847,-0.013035991614742616,-0.003500673657310105,-0.028296581242712504,6.173405009968214e-05,-0.05310694794461239,0.02478471916017332,0.24549352944751968,0.736480588342559,10000,20260727
IRCADb,MedNeXt_MLA_MoE vs MedNeXt,完整组合 vs 原始骨干,MedNeXt_MLA_MoE,MedNeXt,liver_dice,Liver Dice,20,0.9618341944944333,0.01977238718577192,0.9681601101143111,0.9612957254089206,0.9734073652415711,0.9659963884977134,0.015405757581536634,0.970297698538654,0.9649291104215911,0.9745463758858999,-0.004162194003280273,-0.0011847395802515037,-0.002965676358645586,0.00041205850119227505,-0.008992789426998847,-0.0005867399700958747,0.05316925048828125,0.1063385009765625,10000,20260727
IRCADb,MedNeXt_MLA_MoE vs MedNeXt_MHA_MoE,固定 MoE：MLA vs MHA,MedNeXt_MLA_MoE,MedNeXt_MHA_MoE,tumor_dice,Tumor Dice,15,0.672930471913791,0.25177044569381724,0.7546892239794042,0.6789171718560377,0.8199868093670247,0.7070442358220959,0.26776044710265834,0.7977931851429371,0.7313492233917198,0.859230145989637,-0.03411376390830499,-0.009587382220701768,-0.02581275978239056,-0.0014641841414320123,-0.07686878331231597,-0.00551434650530136,0.04132685891250041,0.12398057673750124,10000,20260727
IRCADb,MedNeXt_MLA_MoE vs MedNeXt_MHA_MoE,固定 MoE：MLA vs MHA,MedNeXt_MLA_MoE,MedNeXt_MHA_MoE,tumor_recall,Tumor Recall,15,0.6335462259160806,0.22475620264541912,0.6545853547447673,0.5905507344863676,0.771754599571175,0.6659475101928969,0.24233412152224415,0.7053291536050157,0.624309590083687,0.789633737592458,-0.03240128427681621,-0.0025111068186207675,-0.023747034751439522,0.008410586292103506,-0.10122205232121763,0.014215315431460672,0.43262594902013973,0.84315779043529,10000,20260727
IRCADb,MedNeXt_MLA_MoE vs MedNeXt_MHA_MoE,固定 MoE：MLA vs MHA,MedNeXt_MLA_MoE,MedNeXt_MHA_MoE,tumor_precision,Tumor Precision,15,0.7746353754648899,0.33819272514352994,0.9491211840888066,0.7128971585897546,0.978017914041428,0.7907833901204834,0.33015022513105347,0.9481457244413123,0.8208160320903126,0.9849042881292782,-0.016148014655593325,-0.0034994296991947005,-0.022312777539647666,0.005686583660789696,-0.049397821351863214,0.008081444243871095,0.30028987962532416,0.736480588342559,10000,20260727
IRCADb,MedNeXt_MLA_MoE vs MedNeXt_MHA_MoE,固定 MoE：MLA vs MHA,MedNeXt_MLA_MoE,MedNeXt_MHA_MoE,liver_dice,Liver Dice,20,0.9618341944944333,0.01977238718577192,0.9681601101143111,0.9612957254089206,0.9734073652415711,0.9649532139102733,0.018728361718342794,0.9709696784965482,0.9644225062430851,0.9746145329275221,-0.0031190194158401963,-0.0021827181073860724,-0.004026738727837265,-0.0003649157773485956,-0.005542827529008114,-0.0013336167571300994,0.0007076263427734375,0.0021228790283203125,10000,20260727
IRCADb,MedNeXt_MLA_MoE vs MedNeXt_MLA,固定 MLA：MoE vs MLP,MedNeXt_MLA_MoE,MedNeXt_MLA,tumor_dice,Tumor Dice,15,0.672930471913791,0.25177044569381724,0.7546892239794042,0.6789171718560377,0.8199868093670247,0.6778259829906541,0.2868656271953114,0.7811939283843573,0.6331813774295055,0.8737800466848209,-0.004895511076863063,-0.004929080780421313,-0.025757872527350678,0.0053318577564693825,-0.05902925079305205,0.04804243988045993,0.2719476239947354,0.5438952479894708,10000,20260727
IRCADb,MedNeXt_MLA_MoE vs MedNeXt_MLA,固定 MLA：MoE vs MLP,MedNeXt_MLA_MoE,MedNeXt_MLA,tumor_recall,Tumor Recall,15,0.6335462259160806,0.22475620264541912,0.6545853547447673,0.5905507344863676,0.771754599571175,0.6779184465148466,0.2455468418606547,0.7319067738857844,0.5961302257312795,0.8301977883387048,-0.04437222059876592,-0.008416182695147156,-0.037329447430467955,0.005035216656795349,-0.10748275672371604,-0.004526481604042891,0.0735939238114404,0.2207817714343212,10000,20260727
IRCADb,MedNeXt_MLA_MoE vs MedNeXt_MLA,固定 MLA：MoE vs MLP,MedNeXt_MLA_MoE,MedNeXt_MLA,tumor_precision,Tumor Precision,15,0.7746353754648899,0.33819272514352994,0.9491211840888066,0.7128971585897546,0.978017914041428,0.7572006912115027,0.363397126727181,0.9512119808553342,0.6408686937004113,0.9839685646260177,0.01743468425338738,0.0,-0.010410320586291155,0.02229723533635769,-0.013488775479332344,0.056410942826941375,0.7298909084206947,0.736480588342559,10000,20260727
IRCADb,MedNeXt_MLA_MoE vs MedNeXt_MLA,固定 MLA：MoE vs MLP,MedNeXt_MLA_MoE,MedNeXt_MLA,liver_dice,Liver Dice,20,0.9618341944944333,0.01977238718577192,0.9681601101143111,0.9612957254089206,0.9734073652415711,0.9659647952891065,0.013855777282887179,0.9698764963009001,0.9645649923248492,0.9740052223963447,-0.004130600794673445,-0.0009515434035639592,-0.0032675565929072836,0.0021496743402365792,-0.010607419752352255,0.00038131788459008667,0.2942523956298828,0.2942523956298828,10000,20260727
HCC,MedNeXt_MLA_MoE vs MedNeXt,完整组合 vs 原始骨干,MedNeXt_MLA_MoE,MedNeXt,tumor_dice,Tumor Dice,21,0.4511177271683276,0.3560459782091862,0.47056500424976605,0.09044596626023049,0.7938143077539814,0.41745956430039016,0.37076494870859084,0.4435600082344061,0.03203943314849045,0.806543019062339,0.03365816286793732,0.01593513629282116,0.0,0.05929778344895531,-0.005655179230163314,0.07416936164675966,0.06837655952437323,0.2051296785731197,10000,20260727
HCC,MedNeXt_MLA_MoE vs MedNeXt,完整组合 vs 原始骨干,MedNeXt_MLA_MoE,MedNeXt,tumor_recall,Tumor Recall,21,0.3950678837288197,0.3433381959903664,0.3172322869547428,0.059022922757510275,0.7504699248120301,0.35818946188807094,0.33693974863978227,0.29386493305753186,0.04658177299616598,0.710372058943255,0.03687842184074864,0.022488389146907872,0.0,0.048224445752403367,-0.0038124049839105938,0.07551336789499215,0.012946026127481566,0.0388380783824447,10000,20260727
HCC,MedNeXt_MLA_MoE vs MedNeXt,完整组合 vs 原始骨干,MedNeXt_MLA_MoE,MedNeXt,tumor_precision,Tumor Precision,21,0.6649142627749024,0.3961733526289045,0.8856074394266864,0.3605797101449275,0.9322871668771183,0.62952361482556,0.43454377696936775,0.9219670200235571,0.08278908226056099,0.9700650557620818,0.03539064794934245,-0.013442974511680639,-0.04521781213069065,0.0026116398200711766,-0.03972598342499357,0.14603328056385856,0.22738526970373263,0.45477053940746526,10000,20260727
HCC,MedNeXt_MLA_MoE vs MedNeXt,完整组合 vs 原始骨干,MedNeXt_MLA_MoE,MedNeXt,liver_dice,Liver Dice,21,0.8405345082350266,0.19445766033300485,0.9020626895544797,0.855906212934528,0.9361271800808352,0.8383156066673871,0.19431566806245923,0.9132162122165683,0.8390519352006014,0.9395875488719447,0.0022189015676396437,-0.004047379200855072,-0.013226672880306434,0.003071244067882173,-0.01960110219669038,0.025277181857696014,0.32045745849609375,0.9613723754882812,10000,20260727
HCC,MedNeXt_MLA_MoE vs MedNeXt_MHA_MoE,固定 MoE：MLA vs MHA,MedNeXt_MLA_MoE,MedNeXt_MHA_MoE,tumor_dice,Tumor Dice,21,0.4511177271683276,0.3560459782091862,0.47056500424976605,0.09044596626023049,0.7938143077539814,0.43416752727826025,0.3543600847576128,0.35050220822540673,0.09931492630267802,0.8084364697616603,0.0169501998900673,0.0,-0.014800754903284585,0.06977621953596991,-0.029950376847818115,0.06381157350457109,0.5227810104666994,1.0,10000,20260727
HCC,MedNeXt_MLA_MoE vs MedNeXt_MHA_MoE,固定 MoE：MLA vs MHA,MedNeXt_MLA_MoE,MedNeXt_MHA_MoE,tumor_recall,Tumor Recall,21,0.3950678837288197,0.3433381959903664,0.3172322869547428,0.059022922757510275,0.7504699248120301,0.39326162938561265,0.3195069961978505,0.32725660900597825,0.06414982415999322,0.7209610564873723,0.001806254343206989,0.0,-0.010024322051235435,0.029508868324657822,-0.0384604014201199,0.03864029953341549,0.5861743444807836,0.840852947167481,10000,20260727
HCC,MedNeXt_MLA_MoE vs MedNeXt_MHA_MoE,固定 MoE：MLA vs MHA,MedNeXt_MLA_MoE,MedNeXt_MHA_MoE,tumor_precision,Tumor Precision,21,0.6649142627749024,0.3961733526289045,0.8856074394266864,0.3605797101449275,0.9322871668771183,0.5969157370339188,0.42624802113557547,0.9042792254362897,0.13199250288350634,0.9526557666813964,0.06799852574098371,-0.013906237516949416,-0.034462679899183946,0.003948851675052434,-0.032043009346739884,0.19833891438201556,0.3559586988465746,0.45477053940746526,10000,20260727
HCC,MedNeXt_MLA_MoE vs MedNeXt_MHA_MoE,固定 MoE：MLA vs MHA,MedNeXt_MLA_MoE,MedNeXt_MHA_MoE,liver_dice,Liver Dice,21,0.8405345082350266,0.19445766033300485,0.9020626895544797,0.855906212934528,0.9361271800808352,0.8394138655422694,0.1937982791423446,0.9121257068443335,0.8398455798026135,0.9378223832958045,0.001120642692757338,-0.00171749359857587,-0.014020317482318578,0.004383757454455295,-0.02132477325107376,0.024180918897124017,0.49480247497558594,0.9896049499511719,10000,20260727
HCC,MedNeXt_MLA_MoE vs MedNeXt_MLA,固定 MLA：MoE vs MLP,MedNeXt_MLA_MoE,MedNeXt_MLA,tumor_dice,Tumor Dice,21,0.4511177271683276,0.3560459782091862,0.47056500424976605,0.09044596626023049,0.7938143077539814,0.46454944251940233,0.3516043370798994,0.5456875560681789,0.04790777113578138,0.8097691280290021,-0.013431715351074807,0.0,-0.04003949742527635,0.04253819512444911,-0.09896379767092472,0.0495166085426629,0.6790730414946473,1.0,10000,20260727
HCC,MedNeXt_MLA_MoE vs MedNeXt_MLA,固定 MLA：MoE vs MLP,MedNeXt_MLA_MoE,MedNeXt_MLA,tumor_recall,Tumor Recall,21,0.3950678837288197,0.3433381959903664,0.3172322869547428,0.059022922757510275,0.7504699248120301,0.393718035432709,0.3227880208671401,0.4209474726185597,0.07436125587898818,0.726390836260584,0.001349848296110607,0.0,-0.0153383331214779,0.03892183939270455,-0.07349220660748454,0.05882336537778615,0.4204264735837405,0.840852947167481,10000,20260727
HCC,MedNeXt_MLA_MoE vs MedNeXt_MLA,固定 MLA：MoE vs MLP,MedNeXt_MLA_MoE,MedNeXt_MLA,tumor_precision,Tumor Precision,21,0.6649142627749024,0.3961733526289045,0.8856074394266864,0.3605797101449275,0.9322871668771183,0.6853925572998951,0.4038082715497043,0.9132708336342756,0.4617283950617284,0.9689242951132346,-0.02047829452499254,-0.024252461548460502,-0.05857259455005703,0.0,-0.14927109232440203,0.11285820048610076,0.12209548134133213,0.3662864440239964,10000,20260727
HCC,MedNeXt_MLA_MoE vs MedNeXt_MLA,固定 MLA：MoE vs MLP,MedNeXt_MLA_MoE,MedNeXt_MLA,liver_dice,Liver Dice,21,0.8405345082350266,0.19445766033300485,0.9020626895544797,0.855906212934528,0.9361271800808352,0.8417674841374336,0.1922984647115621,0.911690789552315,0.8686268296542876,0.9344155070351892,-0.0012329759024067141,-0.0012825763065573703,-0.013790297843827015,0.008282029313582684,-0.02001980797759301,0.01855161594445804,0.6332969665527344,0.9896049499511719,10000,20260727
