case,n_tumor_vox,n_liver_vox,vol_tumor_mm3,vol_liver_mm3,t_l_ratio_pct,mu_tumor,mu_liver,median_tumor,median_liver,std_tumor,std_liver,iqr_tumor,iqr_liver,contrast,cohens_d,cnr,hist_overlap,bhattacharyya,auc,auc_sep,skew_tumor,kurt_tumor,bimodality
liver_0,2591,550036,6404.754638671875,1359647.0947265625,0.47106007606774836,87.12466229255114,120.73142303412868,89.0,122.0,24.15994827734515,21.64180389449312,33.0,21.0,-33.606760741577546,-1.4652751125618473,-1.552863195019015,0.38160796402620784,0.7285380005404477,0.13371106029061458,0.7325778794187708,-0.17171620170654178,2.723570039447823,0.377991547497431
liver_1,7194,643779,16426.778722835887,1470004.890104054,1.1174642229709264,66.7959410619961,113.8816519333498,68.0,115.0,22.205226092427434,21.151920653763643,27.0,20.0,-47.0857108713537,-2.17135240392612,-2.2260725936949632,0.20367128418766772,0.5033442968014737,0.05213503589042699,0.895729928219146,-0.732457024909115,4.837568029392528,0.317616886006181
liver_10,24310,2857366,14395.855560302734,1692070.268157959,0.8507835538044479,47.73327848621966,92.72051987739758,47.0,93.0,25.737617445623005,27.470535664271242,35.0,34.0,-44.98724139117792,-1.6900944065366188,-1.6376543195584377,0.37460769628166,0.6962745412448978,0.11246088304320792,0.7750782339135842,0.09672397340956489,3.1662440294686105,0.3187863972700594
liver_100,1569689,5003071,537202.2411990771,1712225.1312700212,31.374509776095522,61.46619617006936,111.04910184164886,61.0,112.0,41.96825475724052,37.25951090642699,56.0,49.0,-49.5829056715795,-1.2494500173442713,-1.3307449417707418,0.5152043133064413,0.8211521668472872,0.18611688142840993,0.6277662371431801,0.12171551044414286,3.0924415767520927,0.32815968880760893
liver_101,378439,6481591,131694.73135138353,2255558.717453923,5.838674485940257,57.54888370384659,109.49475753715407,57.0,110.0,37.54240103161734,34.733513537924885,51.0,45.0,-51.94587383330748,-1.436348192793088,-1.4955548270862011,0.4612081861880404,0.7723638034519866,0.15299263693229714,0.6940147261354057,0.002502510854953576,3.0675357699385883,0.32599661016523346
liver_102,47754,5061264,17174.765781096157,1820287.8032477668,0.9435192473658754,69.69971101897224,86.7827728409346,69.0,87.0,41.57391658462512,39.96257149551545,56.0,52.0,-17.08306182196236,-0.41894683798871124,-0.42747654073961183,0.8233022310153468,0.9768538726533245,0.38145137598776047,0.23709724802447907,0.012510838323964766,3.0133946469271784,0.3319035965287351
liver_103,75787,2374639,38824.074190174615,1216477.2416229967,3.19151668948417,82.27064008339161,107.81940918177457,83.0,109.0,40.625498495973694,42.16122396172823,54.0,55.0,-25.548769098382962,-0.6171128314961161,-0.6059778796169392,0.7471010949596095,0.952150911724768,0.3284328940580191,0.34313421188396176,-0.09168613030305682,3.1935784957022526,0.31576062647184294
liver_104,275918,2951625,134639.38361216124,1440300.9975943773,9.348003218566044,11.673138396190172,98.68421564392496,8.0,98.0,68.55366896771066,58.86761548468735,26.0,28.0,-87.01107724773479,-1.3617939614646275,-1.4780805461768385,0.07993359786395629,0.37834506125397716,0.03784832034058747,0.924303359318825,24.64757549046582,813.6830576570175,0.7478378366515118
liver_105,0,3520581,0.0,1754445.7555711851,0.0,,91.99173971568898,,92.0,,30.583104823179262,,40.0,,,,,,,,,,
liver_106,0,2312280,0.0,983072.2564419899,0.0,,105.78142309754874,,106.0,,21.406208864394404,,27.0,,,,,,,,,,
liver_107,5953,3140434,2912.3219800653583,1536360.652636414,0.18955978695938205,99.23702334957164,123.5908011440457,100.0,124.0,24.683130663822542,29.69685329443462,34.0,32.0,-24.353777794474055,-0.8919062541654754,-0.8200794054849612,0.6099048238097258,0.8724406884598606,0.24306263471454345,0.513874730570913,-0.13435767351008165,2.876203958848845,0.35395681217214536
liver_108,1455033,3402280,618611.3163230915,1446488.7801855544,42.76640958416121,60.77518791670017,101.44597622770613,59.0,103.0,27.267419515599165,26.41792892940778,36.0,31.0,-40.67078831100596,-1.514964466061899,-1.5395146387017586,0.4045454634201846,0.7478266413831276,0.1398345958802939,0.7203308082394122,0.3230823901875779,3.113603807174089,0.3546958120698269
liver_109,72822,3120254,33915.770257176686,1453212.1859882532,2.33384846233672,22.36931147180797,83.59582040436452,20.0,84.0,29.72042048352016,26.504528231088248,39.0,34.0,-61.22650893255655,-2.1743587005897806,-2.3100395675310104,0.26793234851256215,0.5777713989765202,0.06705676320372267,0.8658864735925547,0.29080063880830836,3.0743183282049844,0.35278227423006314
liver_11,10549,3253446,4761.987548828125,1468657.6303710938,0.32424082034863955,53.41093942553797,79.95150557286028,53.0,79.0,27.461407140386804,29.642875042228223,37.0,37.0,-26.540566147322316,-0.9288697897705817,-0.8953438595113846,0.6378258215902672,0.895140540726719,0.2549533399275219,0.4900933201449562,0.03760740964777497,3.0942846597244604,0.32363354616171264
liver_110,124406,3097843,51593.66118910094,1284737.5702058424,4.0158910571000535,93.25191711010723,130.51650583970846,95.0,131.0,30.80696648657607,29.038532774457714,39.0,37.0,-37.26458872960123,-1.2448164050900712,-1.283280702197845,0.5184485309619252,0.8164084785894337,0.18367801882518553,0.6326439623496289,-0.4258523003295484,3.616498763608601,0.32665576816545006
liver_111,7300,4599573,3571.300261124998,2250199.4871182865,0.15871038463787834,73.06808219178082,125.87146459030001,73.0,126.0,30.294836946864066,30.579911357697693,42.0,38.0,-52.80338239851919,-1.7348015354456927,-1.7267343185161759,0.3734297180099467,0.678428539177143,0.10736905457355603,0.7852618908528879,-0.03533628997268909,2.897634029255738,0.34554006588824
liver_112,1181,3976313,386.9900684667968,1302958.205008818,0.029700881193205866,52.29805249788315,139.307890752061,50.0,139.0,33.30099160582457,24.64989430667676,42.0,29.0,-87.00983825417786,-2.9699707944155542,-3.5298260175748526,0.13969903583914686,0.3686118323960006,0.024419217434798794,0.9511615651304024,0.427894702886046,3.4908420833218288,0.3389136055195383
liver_113,84270,3286066,41121.133296837565,1603497.7810395851,2.56446462122185,80.46073335706657,117.43037175759707,81.0,118.0,24.87554486814286,23.028331536218072,33.0,28.0,-36.9696384005305,-1.5423462989593186,-1.6053980438133817,0.41295131371392013,0.7391797933935595,0.13167156043544115,0.7366568791291177,-0.09877636704639148,3.9868856350316992,0.2532695600331297
liver_114,0,3696170,0.0,1808237.38166608,0.0,,100.20234269527646,,99.0,,34.246784043164546,,38.0,,,,,,,,,,
liver_115,0,3309518,0.0,1513206.8956387076,0.0,,126.32484035439602,,127.0,,26.479767276661484,,31.0,,,,,,,,,,
liver_116,611132,3649978,266351.94080096745,1590783.5364223009,16.743443385138214,57.87188365197699,66.77768852305411,57.0,66.0,33.13714930334482,32.24024188734498,42.0,41.0,-8.905804871077123,-0.2724173219976937,-0.2762325699104898,0.8745667977730065,0.9886253317914995,0.4175705947167342,0.16485881056653162,0.29161009241690555,3.5604123489353565,0.30475021982323103
liver_117,1034092,4009641,382531.32638744666,1483246.45202505,25.790139316711898,69.19642643014355,117.95640731925876,68.0,118.0,26.3444821949837,26.155568921287138,35.0,32.0,-48.75998088911521,-1.8575092473734416,-1.8642294127057242,0.32309795114491224,0.6539834513727618,0.0940352944953817,0.8119294110092365,0.18149411610189425,3.28612136692941,0.3143341340264615
liver_118,419119,2138650,348127.7455844879,1776400.9818077087,19.597362822341196,72.602301494325,90.53880719145255,73.0,90.0,29.468499289951353,28.479495345040743,40.0,36.0,-17.936505697127544,-0.6189651274898248,-0.629804197013305,0.7632645802135206,0.950111878308427,0.33326491019944104,0.3334701796011179,-0.09705119107367027,3.1509023187185394,0.3203586882691257
liver_119,0,2360092,0.0,2520274.025390625,0.0,,74.33984268409876,,73.0,,23.05258773454578,,29.0,,,,,,,,,,
liver_12,790,4205057,338.20247650146484,1800203.4066200256,0.018786903483115687,55.5253164556962,84.15849178738837,55.0,84.0,21.789295759844613,26.336024802306966,30.0,34.0,-28.633175331692172,-1.1846668679245242,-1.0872246493777595,0.5448714223392441,0.8168964482824232,0.19756627901998997,0.6048674419600201,-0.00036077155869134017,2.847415515178448,0.3511957158431959
liver_120,5231,1910010,4344.9622592926025,1586488.5040855408,0.2738729116601484,83.39132097113362,115.51606064889712,85.0,116.0,16.68132134269096,18.529750838293882,22.0,22.0,-32.1247396777635,-1.8221862802157416,-1.7336843845398069,0.3272879778891522,0.634658672451945,0.0933372177173877,0.8133255645652246,-0.3398496141442162,3.1273349011922944,0.3566927737124316
liver_121,2123,1905575,2012.2880573272705,1806201.5142917633,0.11140994188105953,97.70089495996231,77.45300237461134,99.0,77.0,24.471339887365886,23.96418268475364,31.0,29.0,20.247892585350968,0.8360303199859148,0.8449231443321024,0.6299651888502357,0.9016267182745901,0.7361425493282475,0.47228509865649504,-0.3444326094719525,3.4124963681164058,0.3278051320198504
liver_122,79803,1775382,56901.00876045227,1265880.0638465881,4.49497629242608,91.68967332055186,107.09400737418764,92.0,107.0,16.910145810635715,18.231103135534465,22.0,22.0,-15.404334053635779,-0.8760907962816374,-0.844947995692647,0.6332083767296003,0.9002084615339646,0.25764453400528775,0.4847109319894245,-0.33729755038146997,4.301955198079309,0.25889847434733965
liver_123,228251,2662589,191585.0311603546,2234873.8736400604,8.572520956107008,51.38543971329808,75.45101403183142,51.0,76.0,22.536712486801232,21.71747245176786,30.0,27.0,-24.065574318533344,-1.0874204001152628,-1.1081204026840767,0.5573096756683014,0.8547469083324929,0.2127711244780468,0.5744577510439064,0.12220234017451886,3.406471340029949,0.2979427421030954
liver_124,72092,1423640,52869.41907836442,1044041.2220041436,5.063920654097946,64.97977584197969,106.58665392936416,65.0,107.0,20.41227221901911,17.497390036946634,28.0,21.0,-41.60687808738447,-2.188593945429326,-2.377890531075173,0.242603508792683,0.5465086376794654,0.058109961322628426,0.8837800773547432,-0.0017260449663036581,3.0424170799796078,0.3286870119851971
liver_125,754,2126819,574.7889518737793,1621315.7345294952,0.03545200602401991,55.87135278514589,109.16855030917064,56.0,109.0,20.263336677095797,20.52976012487573,26.0,23.0,-53.29719752402475,-2.6129941111835406,-2.596094508646743,0.16934715679290527,0.4257285990836791,0.034010007421165035,0.9319799851576699,0.13068028016355782,3.1586566496927535,0.3219968006723866
liver_126,5090,2658803,3366.8746948242188,1758714.4477844238,0.19143953124770807,45.72593320235757,114.57925389733651,46.0,114.0,29.074880214587147,27.062803618264,40.0,33.0,-68.85332069497895,-2.4514419847663267,-2.5442050153485054,0.20577574250259376,0.47129139139670656,0.040195475920794636,0.9196090481584107,-0.01373817414626617,2.950696190722994,0.3389670344827341
liver_127,298,3915126,124.15624407093446,1631165.56786732,0.007611504712747431,79.13758389261746,96.2648165090983,78.0,96.0,25.20142740313956,27.057572150229525,35.0,34.0,-17.12723261648084,-0.6550618885705162,-0.6329922182739353,0.70584287503041,0.9283601773476042,0.3139092736888679,0.3721814526222642,0.3662840352432569,3.3212832099140335,0.3414836744691338
liver_128,326553,5218227,139518.49127635796,2229467.0640831827,6.25793013604046,55.189904854648404,78.94027243352963,56.0,79.0,41.696052582632284,42.44042400809816,55.0,54.0,-23.750367578881225,-0.5645455833704943,-0.5596166422453592,0.7705687644711613,0.9603098568057399,0.3423676664702624,0.3152646670594752,-0.030471516780347735,3.313854144212992,0.3020436234596577
liver_129,1909785,7623450,664594.8819067326,2652919.492231786,25.0514530822659,43.957220315375814,92.52489489666752,44.0,93.0,46.68930079924489,42.347003427855626,62.0,55.0,-48.567674581291705,-1.0896682763043177,-1.1468975523624454,0.5701872513520152,0.8613666928048288,0.21859072708607982,0.5628185458278403,0.023113681805793998,3.138227196687505,0.3188214809121258
liver_13,23651,1876901,16993.742965698242,1348593.005203247,1.2601090840699642,36.43922032895015,55.58681944332706,37.0,54.0,20.778141108148876,27.03820442046398,27.0,31.0,-19.14759911437691,-0.7941044424409768,-0.7081682946329442,0.67227594212998,0.9112403573662434,0.28199596136478544,0.4360080772704291,-0.06254494655655941,3.3239603111085576,0.30202282108625816
liver_130,1383692,3878659,452619.9633429378,1268749.4719921455,35.67449471582833,83.17995623303452,109.49989596919967,84.0,111.0,37.14553491684214,33.88604529412193,50.0,42.0,-26.319939736165153,-0.7402981156164169,-0.7767191334283781,0.6897635809303544,0.9292171214479854,0.2951621210511539,0.40967575789769217,-0.1847698894994244,3.030919759023584,0.34119673046005666
liver_14,2612,3041924,1227.5734405517578,1429626.7651519775,0.08586670804398795,77.2009954058193,106.8107500384625,78.0,107.0,27.74949109953706,24.950941421893173,36.0,30.0,-29.609754632643202,-1.1221195975617269,-1.186718935048365,0.5589327041189754,0.848180285660666,0.20935669429871773,0.5812866114025645,-0.18493967069730163,3.2328679152534576,0.3199025474928952
liver_15,875,3236299,374.5913505554199,1385473.8436698914,0.027037056835601408,44.368,63.45240999054784,44.0,64.0,20.725953474534567,20.933495479764193,25.0,26.0,-19.08440999054784,-0.9161990206604341,-0.9116685748443775,0.6041894098342406,0.8865917121552507,0.2469057994950405,0.506188401009919,0.33631207797531776,3.9112856736646666,0.2845882164237713
liver_16,373122,3165361,147572.66821462908,1251925.0235379487,11.787660238437258,72.26124967168916,107.53798697842048,72.0,108.0,29.520586227038887,31.542296484838115,39.0,40.0,-35.27673730673132,-1.154790495807571,-1.1183947029249532,0.5315915497440543,0.8396025927353672,0.1987227076329198,0.6025545847341605,0.1358038615749872,3.3099626168585194,0.30769008798814795
liver_17,37676,3582734,16690.341718421878,1587139.1534719316,1.0515991418843822,62.05945429451109,95.7211224723912,62.0,96.0,28.22622428339345,29.067175831091646,38.0,38.0,-33.66166817788011,-1.1749361220655072,-1.158064628414088,0.5470748914670556,0.8387029981044534,0.2000286380894769,0.5999427238210462,-0.040475258260372377,3.0618665339408313,0.3271332161046442
liver_18,10210,1932415,6941.603619062953,1313815.7646945678,0.5283544166237584,78.7003917727718,98.02627334190637,79.0,98.0,23.898939400104016,23.61867175960393,32.0,30.0,-19.32588156913458,-0.8134055962094684,-0.8182459100934075,0.6824117276402701,0.9161606064437211,0.28112193710466316,0.4377561257906737,-0.20245072849067158,3.1772401124089895,0.3276385355330057
liver_19,18528,3861552,8380.955531131076,1746734.4339999065,0.47980708274807643,46.3494170984456,68.74998135464705,46.0,68.0,35.25844614091246,43.663712842965566,45.0,46.0,-22.40056425620145,-0.5644700297305012,-0.5130247245982951,0.751348485301762,0.9534183017780629,0.3372066480821097,0.3255867038357806,0.6304855121651969,12.400143498019574,0.1127012748903597
liver_2,14131,3186716,8495.989910125732,1915951.2407073975,0.44343455770768403,54.44186540230699,84.79267716357529,55.0,85.0,24.7031845726933,29.147661095796035,33.0,37.0,-30.350811761268304,-1.123398009173193,-1.0412777773666992,0.5555693428254806,0.8449646506580956,0.20906754225887336,0.5818649154822533,-0.020165739521485464,3.2002472837178435,0.3126029235741557
liver_20,1669,3655683,860.3665469929817,1884498.1184008056,0.04565494327598974,34.95865787896944,77.36924290207877,34.0,74.0,31.388366746970604,81.31071458185488,41.0,45.0,-42.41058502310933,-0.6881416792325783,-0.521586672078929,0.5778329559320715,0.8455700803047994,0.22206268951148828,0.5558746209770234,0.14551638225630517,4.415169958572187,0.23128781611732088
liver_21,36271,2988990,21370.00915145874,1761041.7042160034,1.2134868299994312,71.8898017700091,93.2005741069726,72.0,93.0,29.3205724751465,24.4665131013404,39.0,31.0,-21.310772336963495,-0.7892049876509205,-0.8710179602910388,0.6765935219340623,0.9166095091127453,0.28704979802318964,0.4259004039536207,0.014118092787363324,3.1646085276928253,0.3160578352081839
liver_22,9424,421735,29388.856626548994,1315185.6376695288,2.234578586078936,46.59528862478778,102.08869787899985,46.0,104.0,21.32645646152498,27.02956505700216,28.0,29.0,-55.493409254212075,-2.279403291261142,-2.053063345162345,0.21017679453075067,0.5041488333048232,0.05391260495113333,0.8921747900977334,0.3236108528972517,3.1382540462281807,0.3520186600063935
liver_23,42904,2351958,22437.39976853525,1229997.7131457354,1.8241822345467051,44.66341133693828,93.8975355852443,44.0,93.0,20.45976204250731,24.51259079945755,27.0,27.0,-49.23412424830602,-2.1806913920791744,-2.008523890889393,0.24234665659315746,0.5306173466536255,0.05774915889219404,0.8845016822156119,0.18270310969329268,3.034520598562438,0.3405415757537283
liver_24,1422,2040878,957.2804145812988,1373904.7383613586,0.0696758943944714,81.68073136427567,93.3855296592937,82.0,94.0,17.71530308686477,20.990105298828393,24.0,27.0,-11.704798295018023,-0.6026613600123089,-0.5576340913197492,0.7459743764152449,0.9432201325380567,0.3320856754573856,0.3358286490852288,0.02744233909448134,2.821472375255223,0.3546917881428668
liver_25,454,3024759,187.24018617289084,1247481.1416038042,0.015009460257825498,74.00881057268722,123.58163410704786,74.0,124.0,15.795357369945558,20.341862629489583,21.0,23.0,-49.57282353436064,-2.722128780587339,-2.4369854637841746,0.14329832587689045,0.3433949663029349,0.02612188742868979,0.9477562251426204,-0.11407937268074823,2.7328070758951686,0.37068628525100195
liver_26,51809,2286734,27027.623415149556,1192939.1689208169,2.2656329944803373,49.69399139145708,88.94514403511734,49.0,89.0,19.969160408904248,21.285408803368423,25.0,26.0,-39.251152643660255,-1.9019076209130248,-1.8440403473692621,0.305190747795079,0.6279348252526278,0.08467794074088901,0.830644118518222,0.45791318606799664,5.621194533845713,0.21520060881923325
liver_27,187743,3182992,71631.73388906657,1214443.3396453012,5.898318311827362,52.31803049913978,91.51652690298938,51.0,93.0,22.730857137259864,22.652919658084546,29.0,25.0,-39.1984964038496,-1.7274207380465219,-1.7303948892901382,0.3345219184742745,0.6737876944372189,0.10493955856808337,0.7901208828638333,0.29816713370795794,3.7502857368279443,0.2903521800833855
liver_28,214268,2650863,214268.0,2650863.0,8.082952608263799,79.22156831631415,113.10335011654695,76.0,113.0,27.62182525948015,23.060197176690984,37.0,24.0,-33.8817818002328,-1.3316506471658478,-1.4692754593824622,0.4298857209620261,0.7680549760556532,0.16484195869425536,0.6703160826114893,0.568525675830903,4.101433701020603,0.3226241213529098
liver_29,14062,1633962,14062.0,1633962.0,0.860607529428469,80.25643578438344,96.84827186923563,82.0,97.0,26.84260037763724,28.630191351010787,30.0,30.0,-16.59183608485219,-0.5978869121450732,-0.5795223609033412,0.7127936992266433,0.9469668121066009,0.32242041486248973,0.35515917027502053,-0.3914652553865213,5.012053787678613,0.23009430764887545
liver_3,2793,3243946,1342.726993560791,1559518.0307388306,0.0860988438155259,74.1546723952739,100.80005955709497,74.0,102.0,23.754587108795633,29.207055030862143,34.0,35.0,-26.645387161821063,-1.0009241414127816,-0.9122928393042623,0.5812907435305412,0.8531463193702651,0.22625040665990692,0.5474991866801862,0.11364845524600413,2.8310750392959445,0.3577849252740766
liver_30,14252,2360827,14252.0,2360827.0,0.6036867589196497,84.67688745439237,104.82533620633787,85.0,107.0,21.091685147025327,29.179621508117666,28.0,28.0,-20.148448751945494,-0.7914113274610455,-0.6904972618078774,0.5769562546229814,0.8617933277997938,0.24182714709818107,0.5163457058036378,-0.2096194674807268,3.37984417408904,0.30887232291656574
liver_31,6736,1125696,6736.0,1125696.0,0.5983853544829155,58.58654988123516,105.67226764597191,58.0,106.0,24.205068143777225,15.490194265690278,37.0,16.0,-47.085717764736756,-2.317173141732344,-3.0397112493952645,0.2135176899457648,0.5087010420870026,0.04970466070549215,0.9005906785890156,0.09866821236979943,2.3892449169007066,0.4226169569263187
liver_32,0,2124505,0.0,2124505.0,0.0,,76.09256273814371,,76.0,,34.02541814883997,,36.0,,,,,,,,,,
liver_33,434721,1393772,434721.0,1393772.0,31.190252064182665,73.32144064813984,113.1908497229102,72.0,115.0,44.564268213073355,39.952143667745226,63.0,39.0,-39.86940907477036,-0.9420697246572668,-0.9979291576025829,0.5712568162234717,0.8769497405760794,0.23958994759340405,0.520820104813192,0.05043570379392998,3.096935264884871,0.3237212516466529
liver_34,0,1461944,0.0,1461944.0,0.0,,120.92703414084261,,120.0,,15.378995423428918,,17.0,,,,,,,,,,
liver_35,20318,3194772,20318.0,3194772.0,0.6359765266504152,134.85584211044394,164.6374110578157,138.0,165.0,30.190498920985323,28.3436619934565,38.0,29.0,-29.781568947371767,-1.0170729661410196,-1.0507311636106593,0.5577867875047198,0.8611270839410097,0.21883395861342392,0.5623320827731522,-0.40455810902679396,3.5940980784750507,0.32377170521542104
liver_36,39484,1225936,39484.0,1225936.0,3.220722778350583,58.48100496403607,89.66579495177562,60.0,90.0,26.054353130193018,21.606665218840398,36.0,24.0,-31.184789987739556,-1.3029467519386657,-1.4432949125600052,0.480530639569233,0.7900858122460852,0.16974546492154927,0.6605090701569014,-0.24630744909054894,3.0697273198036785,0.3455249437416895
liver_37,14981,1857041,14981.0,1857041.0,0.8067134759006398,61.84820772979107,104.15275753200926,60.0,105.0,29.5079588104719,31.57071567706152,39.0,26.0,-42.30454980221819,-1.3844585006470003,-1.3399933734462535,0.3859737514158189,0.7344045076774464,0.13665571704733084,0.7266885659053384,0.22016445489261166,3.746548076587893,0.27985024234709405
liver_38,0,1692716,0.0,1692716.0,0.0,,105.29812561587413,,108.0,,26.86726550118408,,21.0,,,,,,,,,,
liver_39,348986,2992447,348986.0,2992447.0,11.662228270041206,121.85228920357837,121.80473939889328,123.0,122.0,19.121797344819665,25.45691585793127,22.0,25.0,0.04754980468509018,0.0021120758216519485,0.0018678541010409052,0.93188223554063,0.9913583785767246,0.502816929891529,0.005633859783058082,-1.1498939087684104,9.859464186326047,0.2355357205560316
liver_4,1516253,3310959,987656.4977332803,2156691.640562943,45.79497964184999,29.581507835433797,77.30803039240293,29.0,80.0,31.726920504653755,38.04181243939416,41.0,45.0,-47.72652255696913,-1.3625650532942963,-1.2545806704926072,0.4398171823838227,0.7672510092554647,0.15425623572667255,0.6914875285466549,-0.14376263582989626,4.763266577538133,0.2142789362816401
liver_40,122480,1940629,122480.0,1940629.0,6.311355751150787,79.00534781188766,113.63688731849312,80.0,114.0,36.68489174899382,30.621788886806467,48.0,32.0,-34.63153950660546,-1.0249168725899167,-1.1309443623499937,0.5563074244964942,0.862843715379428,0.22328399091752593,0.5534320181649481,0.008454735372997013,3.7851791288094363,0.2642071744870851
liver_41,0,1633641,0.0,1633641.0,0.0,,113.13047603482038,,113.0,,30.37439159893025,,32.0,,,,,,,,,,
liver_42,1638,1387934,1638.0,1387934.0,0.11801713914350394,70.5006105006105,102.61471078595956,70.0,104.0,32.49289862671151,45.61272975562708,45.75,40.0,-32.11410028534905,-0.8109634759748596,-0.7040600388839313,0.5859138191172711,0.8712034222085352,0.24593964314873232,0.5081207137025354,0.09261075730776841,3.134931721462476,0.32172207945205505
liver_43,7337,2709848,7337.0,2709848.0,0.2707531935370545,14.636499931852256,28.723728046739154,14.0,27.0,37.28657780575742,39.267834188209754,42.0,42.0,-14.087228114886898,-0.36790858554157574,-0.3587472649336137,0.8132574029409618,0.9775239868199017,0.3896776401897979,0.22064471962040422,0.07101148508226189,3.837295945780756,0.26191428683489176
liver_44,185990,1920507,185990.0,1920507.0,9.68442187401556,76.23567396096564,101.61397328934495,68.0,103.0,69.03280364003415,29.888005659707762,54.0,28.0,-25.378299328379313,-0.4771056288321109,-0.849113173268432,0.5224952059898367,0.839677227823908,0.2502155444984036,0.4995689110031928,4.015682790055312,34.27442466899226,0.499664354274045
liver_45,4539,1216025,4539.0,1216025.0,0.3732653522748299,91.90262172284645,51.12872268251064,94.0,50.0,27.212928962354972,22.750080897123123,36.0,24.0,40.773899040335806,1.6256909516625193,1.7922529253727575,0.33543497609824635,0.6825359715970869,0.8823055329468524,0.7646110658937049,-0.47274670973915695,3.601370572116258,0.33972884130339437
liver_46,41416,541792,41416.0,541792.0,7.644262004606935,71.99483291481553,137.2762517718977,67.0,139.0,39.42064281228208,33.61623939961462,63.0,26.0,-65.28141885708217,-1.782010266212367,-1.9419607910642904,0.29778117644081803,0.6382600955899962,0.09604137239113705,0.8079172552177258,0.22021162453337592,2.4813472827665226,0.422549945693468
liver_47,0,1359697,0.0,1359697.0,0.0,,85.38306402088112,,85.0,,20.25021015210588,,25.0,,,,,,,,,,
liver_48,35478,853316,84586.06089001676,2034461.8956656388,4.157662577521106,76.12131461750944,94.98864430058735,76.0,100.0,22.733380313301385,38.03823844524428,30.0,24.0,-18.867329683077912,-0.6021245014417562,-0.4960095539186777,0.5320203179487518,0.8390921931887422,0.24372886540888591,0.5125422691822281,-0.044073231990389844,3.2001308254938676,0.31309421533522824
liver_49,8015,720798,18277.69103050232,1643733.392314911,1.1119620198724192,80.59426076107299,110.50514152370012,79.0,115.0,27.476785496752733,44.38904249713002,38.0,24.0,-29.91088076262713,-0.8102745421257495,-0.6738347817383316,0.4354821467134687,0.7786276498331517,0.18773144854907872,0.6245371029018425,0.32710704939173957,3.402747058543868,0.32532509843252533
liver_5,540,1912013,405.4157793719787,1435481.926971028,0.028242485798998226,50.56111111111111,75.16957729889911,50.0,75.0,20.34093588897783,35.14182199628985,28.0,43.0,-24.608466187788004,-0.8570941872765141,-0.7002615342592675,0.5774111968981459,0.8184932863846437,0.2601897111500733,0.47962057769985345,-0.04052014915064293,2.798851144121335,0.3578760823315038
liver_50,3014,707982,6188.4130859375,1453644.6826171875,0.425717038003791,96.20869276708693,123.20698266340105,95.0,125.0,28.50743934995113,33.39940373219325,39.0,25.0,-26.99828989631412,-0.8695125613669795,-0.8083464636912311,0.5095341097685955,0.8236169310736378,0.21702425334305836,0.5659514933138833,0.20367281957828598,3.184188236635561,0.3270794752182766
liver_51,124895,656295,305077.61054992676,1603113.8990020752,19.03031411179424,59.44098642860003,83.68162487905592,58.0,89.0,19.575859069291152,39.729426799155085,26.0,23.0,-24.24063845045589,-0.7740147183790094,-0.6101431710303812,0.41049345705033813,0.7534373078197123,0.173138097857006,0.653723804285988,0.1769881225650081,3.9983841229706454,0.2579353968529796
liver_52,18296,741298,31962.759853164822,1295033.3380865422,2.4681032459280883,107.66817883690425,136.25067112011632,107.0,139.0,23.849218583190428,37.33803142078418,32.0,27.0,-28.582492283212076,-0.9123563029275451,-0.7655061393328213,0.4873359965984953,0.8092732780297605,0.18831448875633727,0.6233710224873255,0.00801623249474914,3.038588689937708,0.3291213000611516
liver_53,2261,556890,6534.290366563802,1609412.1902855886,0.40600477652678263,83.93808049535603,95.17298748406328,84.0,97.0,15.092481107031375,19.449858423003903,20.0,19.0,-11.234906988707252,-0.6453859555261666,-0.5776343839819115,0.6585764338596507,0.9096309512032641,0.28634825765053695,0.4273034846989261,-0.18136609787014868,3.044030451900179,0.33931778205828395
liver_54,513,525493,1759.053955078125,1801891.8908691406,0.09762261343157758,72.80896686159844,79.22763005406351,71.0,80.0,16.67948505618931,18.978644349203492,20.0,20.0,-6.418663192465075,-0.35926518342257036,-0.33820451420885905,0.7400373559541186,0.949028219568057,0.3603583982840375,0.27928320343192503,0.978174957728444,5.048876907736409,0.3875765410181803
liver_55,2797,1698920,3101.71419414199,1884005.8200613905,0.1646340027782356,31.81015373614587,130.80510324205966,28.0,130.0,33.652338229305386,22.282776398571396,43.0,29.0,-98.99494950591378,-3.4687038995414423,-4.442666736639721,0.08725179661762617,0.2601894862931028,0.012899999327423984,0.9742000013451521,0.5620433025506041,3.3915340051368,0.38799335992177747
liver_56,268297,1468108,345771.46266864304,1892044.4526608058,18.275017914213397,42.39849867870308,119.6271909151098,40.0,121.0,26.260893451212137,27.383488310530673,33.0,29.0,-77.22869223640672,-2.878653277306506,-2.820264948009105,0.136982718057893,0.401262731310434,0.030718801184576885,0.9385623976308463,0.49283827004696884,3.7624121726385624,0.33034380694958687
liver_57,6604,3002392,4081.146240234375,1855421.0815429688,0.219957953525056,60.85508782556027,98.47496129752544,61.0,99.0,30.570742692314496,28.45876458916245,42.0,34.0,-37.61987347196517,-1.273797457701572,-1.3219081718779675,0.499877034043241,0.8092379671495036,0.17882337614143534,0.6423532477171293,-0.027318599978994804,2.9700445876951536,0.33694655967485737
liver_58,1443,1335401,1348.6299385318312,1248067.7536696782,0.10805742994051974,55.84615384615385,101.0774306743817,60.0,102.0,30.69743529543061,24.942864025834563,42.0,31.0,-45.231276828227855,-1.6172195266970173,-1.8133954778160029,0.39366694094974214,0.6729668425510313,0.11217382710290086,0.7756523457941983,-0.8817978037689629,4.930493385913323,0.3605252512477492
liver_59,697,1501488,651.4172329568165,1403292.9100112834,0.04642061741419179,58.870875179340025,114.15197191053142,67.0,114.0,46.64722114657502,29.184844820018267,49.0,33.0,-55.28109673119139,-1.4208031382333401,-1.8941713437953032,0.41121139632449694,0.7322985130216382,0.14289539506603807,0.7142092098679238,-1.0955490550670743,4.440901362514381,0.4954462061757253
liver_6,31467,2443764,23984.488689422607,1862663.4257354736,1.2876447971244358,43.14570820224362,84.39776181333386,43.0,86.0,28.02146490752,31.2381895179634,38.0,36.0,-41.25205361109024,-1.3902009037144665,-1.3205648037754687,0.43398525482918604,0.7542360165625637,0.14710857974402763,0.7057828405119447,0.05625434892530882,3.0147268129824094,0.3327547117878318
liver_60,11368,1869578,14508.436892949368,2386053.3453066936,0.6080516565770457,61.63432441942294,80.30503568184906,60.0,79.0,30.681691501668364,30.100154510914546,42.0,35.0,-18.670711262426124,-0.6143234533094841,-0.6202862266257132,0.7331373984911785,0.9456486385132503,0.3379576898505651,0.32408462029886975,0.21793392387487026,2.870321934833315,0.3649399680445002
liver_61,2916,1129592,4186.494365261662,1621752.5867780014,0.25814630415229567,70.34533607681756,98.3732356461448,70.0,98.0,18.41043687875849,15.086559830828346,25.0,19.0,-28.027899569327246,-1.665279031284322,-1.8578058804402953,0.3901801923777017,0.6847436107535878,0.11637480664079633,0.7672503867184073,-0.04811846923481851,2.828389205920654,0.35437675443795363
liver_62,3196,1423214,2655.366077497965,1182463.759893676,0.22456215298612855,80.23654568210263,118.37593784209542,82.0,119.0,27.708777246627687,23.812569125166725,41.0,27.0,-38.139392159992795,-1.476312377440842,-1.601649614517424,0.43711823493481516,0.742128035640823,0.13933626423359816,0.7213274715328037,-0.1309791701764577,2.639829351661252,0.38531109686314186
liver_63,688,635709,1884.935617633604,1741672.2914974429,0.10822561895458456,67.62354651162791,101.92634837637976,73.0,102.0,28.63101004609276,18.661029022287774,36.0,22.0,-34.302801864751856,-1.419479036061736,-1.8382052685188128,0.4433479203242291,0.7072582053327687,0.13567449315060676,0.7286510136987865,-0.8584396928953604,3.6135302217777343,0.4806708674720245
liver_64,179093,1635708,216438.78917011793,1976797.8589664323,10.948959105170362,36.027337751894265,114.1219325209634,34.0,115.0,29.981970069098114,25.96518821956885,36.0,32.0,-78.09459476906913,-2.7845594388507156,-3.007665267383372,0.1462696797731341,0.4072418322077701,0.028737784023353766,0.9425244319532925,-0.9357311599407853,23.041034487753084,0.081402282726544
liver_65,1670,2786649,521.1900498252362,869684.8689553561,0.059928609595252216,94.36826347305389,116.18525655724851,95.0,117.0,23.59560141141798,25.608139858577474,31.0,26.0,-21.81699308419462,-0.8860613292496445,-0.8519554018636382,0.5955651735147056,0.8842634914638191,0.24653883667968618,0.5069223266406276,0.01983165241263278,3.418147158159436,0.2926712186891613
liver_66,2333,672006,5928.311097052974,1707612.784863344,0.34716951931976797,59.25589369909987,82.73199495242602,60.0,83.0,24.48215697311869,19.90020754383597,35.0,23.0,-23.47610125332615,-1.0523092877693896,-1.179691277169509,0.567758208137261,0.8475402309016937,0.22390638379362848,0.552187232412743,-0.263049117246537,2.8618280247721106,0.3736055517065262
liver_67,525,1101934,663.3805590684716,1392383.9866220136,0.047643506779897885,80.72380952380952,93.25976691888988,81.0,93.0,13.403976125154761,15.813698935743275,19.0,19.0,-12.53595739508036,-0.8552041356707432,-0.7927277132325868,0.6452566625933089,0.8870862183258823,0.26696218086520956,0.46607563826958087,-0.14411195158788942,2.943491837905551,0.34678820625397094
liver_68,4888,1264814,5420.382136215528,1402572.670056323,0.38645998542078125,64.20519639934534,91.48703603850052,62.0,93.0,25.253693107160096,33.79149075234798,35.0,31.0,-27.28183963915518,-0.914588549112307,-0.8073582736878667,0.5416878400681477,0.8468277443980079,0.220256634184158,0.559486731631684,0.24220440150091904,3.0135717977831957,0.3512984070547708
liver_69,3113,1622732,3538.700469970703,1844639.412475586,0.19183697616118991,61.75104400899454,95.59686996990261,59.0,97.0,33.15618337049229,30.58892085583533,45.0,31.0,-33.84582596090807,-1.0610512290439313,-1.1064733574754873,0.5026290952896109,0.8221970614031295,0.206198843142763,0.587602313714474,0.3326392132941258,3.0534538505877844,0.3637352652332168
liver_7,32422,3033572,18142.512351989746,1697508.4041900635,1.0687730503841677,42.6492505089137,87.15803382942617,42.0,89.0,28.908654376272015,33.37078328510153,37.0,37.0,-44.50878332051247,-1.4256706523766467,-1.333765016549178,0.40168123199762223,0.7324315466284153,0.1350032405812925,0.7299935188374149,0.13390638499354318,3.3086595256653752,0.3076565938700906
liver_70,120665,2242523,53875.82266558586,1001266.0794057731,5.380769784746913,51.5714747441263,97.73652577922277,49.0,98.0,38.21584531881998,35.595588518214235,48.0,40.0,-46.165051035096475,-1.2501041488702376,-1.2969318097233833,0.4613091838578069,0.7925109252703544,0.1725460504413328,0.6549078991173344,1.236672616284416,15.92035496578201,0.15887580178357535
liver_71,142741,934751,221140.6273841858,1448157.3100090027,15.27048379728933,69.24758128358356,97.28032599055791,71.0,99.0,28.462759844637684,27.413358259403658,34.0,29.0,-28.032744706974356,-1.0032122166123272,-1.022594329440036,0.545594542045514,0.8502364024643262,0.211095344810357,0.5778093103792861,0.03149316008733406,12.930313846640816,0.07741434825206006
liver_72,22364,1221191,25680.77119914133,1402304.000243722,1.831326958682139,83.01229654802361,102.37894563585877,82.0,103.0,19.084995687318404,27.16622929846086,26.0,27.0,-19.366649087835157,-0.8249567604170472,-0.7128942657099784,0.591804488857009,0.8706591577684152,0.24778241082893718,0.5044351783421257,0.21949348979952443,3.031598003811742,0.3457507858055261
liver_73,592,561461,2142.395751953125,2031877.8062286377,0.10543920236668264,80.61993243243244,95.7074382726494,80.0,96.0,15.798321669183792,22.65304574924563,22.0,25.0,-15.087505840216963,-0.7725775198322479,-0.6660254875757443,0.6308478376419204,0.8668401512627936,0.26323753227402813,0.47352493545194374,0.02437860630332484,2.5859790206738187,0.3869305622535838
liver_74,37144,707237,126765.0736610059,2413659.0135900504,5.251987664672521,68.63226900710747,95.39223767987252,69.0,97.0,22.753520721226597,23.64872691087054,29.0,27.0,-26.759968672765055,-1.1531764727875933,-1.1315606448338824,0.5100132163631319,0.8199283010102598,0.1883170068599578,0.6233659862800844,-0.4598236460188497,4.412943030896692,0.27451924417703377
liver_75,2703,609134,7761.391296386719,1749066.713256836,0.443744726119376,71.48612652608213,94.5710730315497,72.0,97.0,19.820105019490214,25.790685528797383,26.0,22.0,-23.08494650546757,-1.0036952127474394,-0.8950885186704852,0.47325822729568073,0.7989888771052154,0.18481676686999618,0.6303664662600077,-0.37159841740553645,3.8662657806498473,0.29436294563976106
liver_76,193508,1242705,266481.31470504974,1711338.3539209687,15.571515363662334,47.462394319614695,93.57939092544088,46.0,97.0,23.62824886979032,25.214433016970425,34.0,21.0,-46.11699660582618,-1.8873941973453392,-1.8289920132166926,0.23689863871712372,0.5658461068619314,0.07562533045879918,0.8487493390824017,0.28131740664764254,2.755330544182344,0.3916551811039406
liver_77,4234,618684,12912.874969177616,1886865.6441735202,0.6843558262376269,80.77751535191308,92.61549353143123,82.0,95.0,15.80194808895782,21.8140878923217,20.0,19.0,-11.837978179518146,-0.6215228012168862,-0.5426758266470987,0.6157082366308249,0.8930615048824802,0.2722642483829796,0.45547150323404084,-0.3481069822104639,3.621301310199989,0.3096065129697143
liver_78,12265,1000912,18902.51022584445,1542580.457820662,1.2253824512045015,61.23473298002446,96.56624458493853,60.0,99.0,20.667639960107408,18.064439160939095,29.0,18.0,-35.33151160491407,-1.8202988938396798,-1.9558598686701398,0.2980696161154839,0.6409275073739245,0.09339034520859414,0.8132193095828117,0.15526694850195633,2.713131349634666,0.3774634152655416
liver_79,9085,651009,17307.191162109375,1240191.2175292969,1.3955260219136756,55.3305448541552,92.1706627711752,54.0,95.0,22.780830739468087,28.86361637155888,31.0,27.0,-36.84011791702,-1.416888522944753,-1.2763514260576463,0.36027440771668373,0.7064300929558054,0.13444591547988416,0.7311081690402317,0.305524957443709,3.222804935458291,0.3392527694095466
liver_8,20827,2623110,14964.63932800293,1884759.930267334,0.7939811902665158,44.87372161136986,82.95017288638296,45.0,84.0,26.44477925463865,31.188024533412946,35.0,37.0,-38.0764512750131,-1.316894033388651,-1.2208676838194839,0.47185682402778284,0.7822791718097569,0.16473940051196426,0.6705211989760715,0.08703072952607203,3.143020568412485,0.3205751683612934
liver_80,88269,1395850,82496.28067016602,1304562.5686645508,6.323673747179138,72.8520318571639,94.48465307876921,74.0,96.0,18.676230870296855,23.234443291029407,23.0,22.0,-21.63262122160532,-1.0262684588182682,-0.9310582978313694,0.4835342040380085,0.80825503431413,0.18677662726085284,0.6264467454782943,-0.3989397023071455,3.8370995108858765,0.3020909108008248
liver_81,5130,2340769,3170.2423095703125,1446550.666809082,0.21915874654867695,45.98830409356725,98.18219738897773,43.0,99.0,32.40527144758608,35.146236675464195,45.0,40.0,-52.193893295410476,-1.5440359972920787,-1.4850492750436453,0.39458514307060366,0.7156950251705931,0.12859868229921945,0.7428026354015611,0.4186600603425596,3.0782933516142537,0.3817947517931396
liver_82,141610,4726373,44308.441353496164,1478837.8001924139,2.99616640497904,51.19060094626086,94.54254054853479,49.0,96.0,27.243283332932126,29.28292162708047,37.0,26.0,-43.35193960227393,-1.5328729508707657,-1.4804513072282588,0.3531411993599585,0.6928947970168,0.1189087833142423,0.7621824333715154,0.38585095428246724,3.0901180428839172,0.37179193253357834
liver_83,98,2955487,37.78778011819668,1139605.0295733546,0.003315866386825589,50.204081632653065,132.46913249829893,49.0,132.0,34.981615925054555,30.502930956395527,45.75,38.0,-82.26505086564586,-2.5066470031664694,-2.6969556133227064,0.2031455909165645,0.3933759612104822,0.03634634943929922,0.9273073011214016,-0.04275803974692867,2.915031068219009,0.34367669726933137
liver_84,541305,4892550,217602.35966705656,1966784.7605122023,11.063862403041359,69.14164103416744,84.56564511348887,69.0,85.0,43.74090660886746,39.39123089172076,58.0,50.0,-15.424004079321435,-0.37056510587975516,-0.3915593326270809,0.8319337884859717,0.9791011693855386,0.39286411192939213,0.21427177614121573,0.012908455197878659,3.1262078004642913,0.31992966944393625
liver_85,15544,7076467,4520.10848609044,2057797.1267523775,0.21965763424036314,94.79316778178075,111.20275371876954,95.0,112.0,44.3863547043857,43.43228167829619,60.0,57.0,-16.40958593698879,-0.3736932909132458,-0.3778200293167864,0.8428674107830618,0.9812094786577366,0.3937167793409183,0.21256644131816338,0.0050656702185186454,3.0045526279896526,0.3328367929716979
liver_86,6051,5358063,1979.3446794431975,1752677.8203886063,0.11293260269616091,95.2217815237151,105.08219313584033,95.0,105.0,28.279241148816727,33.125324970779516,38.0,42.0,-9.860411612125233,-0.3201666377867171,-0.29766988311279335,0.8523055517168308,0.9788850947378616,0.4068456542971771,0.18630869140564577,-0.08050313249691524,3.172599721801451,0.31724164489629364
liver_87,0,3908622,0.0,2280496.336317145,0.0,,98.35662005688961,,99.0,,27.600104664728175,,37.0,,,,,,,,,,
liver_88,254141,3148644,116200.58076871518,1439650.672004637,8.07144281792416,71.23558182268899,127.14525173376222,68.0,129.0,42.10858837985216,39.46891331234433,48.0,33.0,-55.90966991107324,-1.369995944897043,-1.4165495124890324,0.36752353672766713,0.728205129239678,0.14686925810546286,0.7062614837890743,7.116405924207962,189.71160716035445,0.2722196815003024
liver_89,0,3821209,0.0,1240422.6369715505,0.0,,147.00826727875915,,148.0,,28.322949368570146,,33.0,,,,,,,,,,
liver_9,22179,2278892,14924.528503417969,1533495.1354980469,0.9732361164987196,48.664953334235086,86.4833125044978,48.0,88.0,26.502807639211014,30.274745650050832,35.0,35.0,-37.81835917026272,-1.3292288225298756,-1.2491718215376393,0.4496198992898877,0.7710569319363492,0.1560488930635819,0.6879022138728361,0.07990225076564005,3.1747006828195414,0.31700133972429073
liver_90,250893,3263211,122427.9636435679,1592345.2534319046,7.688531326965984,55.909272080129774,105.66581413215388,55.0,107.0,29.13176442644777,26.27663564122195,41.0,31.0,-49.75654205202411,-1.7936130989132857,-1.8935659317803846,0.349370795323033,0.6727296820784499,0.10194968808777877,0.7961006238244425,0.15632732598205493,2.7858076383269346,0.36773473471554696
liver_91,0,2781769,0.0,1638270.505045914,0.0,,114.92908756981619,,115.0,,28.965764828239397,,37.0,,,,,,,,,,
liver_92,2632,3373372,948.027474505958,1215064.3380429759,0.07802282108228799,49.73100303951368,135.06810900191263,48.0,136.0,43.06513035142702,34.85674055455507,61.0,41.0,-85.33710596239895,-2.1782723054889996,-2.4482239189529476,0.25845739131399437,0.5629214053376557,0.06381038763646762,0.8723792247270648,0.1589946347465455,2.749876291733239,0.37284560653161486
liver_93,348088,4290558,122037.98397191502,1504249.064703672,8.11288415166512,43.66243306290363,101.54300139981792,43.0,102.0,25.53939603412651,26.74010192797881,33.0,33.0,-57.880568336914294,-2.213690301205608,-2.1645604976678294,0.2512881663055732,0.5529564921189232,0.059537959544600214,0.8809240809107995,0.13855647320286824,3.234141012833682,0.3151371236510862
liver_94,62525,2960488,30727.441140456853,1454909.5684450832,2.1119828893074386,80.8971931227509,99.38691290084607,81.0,100.0,31.663574683437048,34.093979031339096,42.0,44.0,-18.489719778095164,-0.5619766168752522,-0.5423162770499583,0.7648408261654467,0.9582468866241615,0.34077955200975374,0.3184408959804925,0.041930467084504555,3.1188476046780345,0.32119497040104283
liver_95,2581,4068117,1124.5808738428173,1772540.3218732353,0.06344458627910653,18.973266175900815,72.88496102742374,19.0,71.0,22.29582687228014,30.560067019585635,28.0,35.0,-53.911694851522924,-2.0154632780440482,-1.7641222716223584,0.2679903115545688,0.5587873006695134,0.06548103884794715,0.8690379223041057,-0.09764266315328955,3.3969903781413215,0.2971848540295359
liver_96,40533,5710555,15794.055310904952,2225170.1459542797,0.7097909047369302,76.20676979251473,114.3612634848977,77.0,115.0,35.94803775120712,34.53869756788793,47.0,45.0,-38.15449369238297,-1.0823843430231501,-1.1046882592311993,0.5725054918230752,0.8604661667911846,0.21642144696510518,0.5671571060697896,-0.0846909616197267,3.45719308367769,0.29132667299816095
liver_97,725310,4588123,265146.1318286489,1677245.6822655913,15.808425362615605,67.65270987577725,118.10570335625266,67.0,118.0,37.65662446507638,34.93311101323842,51.0,44.0,-50.45299348047541,-1.3891087873056442,-1.444274272089752,0.46734035704505145,0.7854874815908143,0.1600940032662144,0.6798119934675713,0.08415685999702481,3.069246143873021,0.3281204340990852
liver_98,608639,3514870,229770.13419738942,1326914.8897562893,17.31611695453886,74.26136346832851,123.83679311041375,74.0,124.0,33.82280356244477,35.396951882139376,44.0,43.0,-49.57542964208524,-1.4320367038223538,-1.4005564605437129,0.4468476269478986,0.7672036044891257,0.1488774405973879,0.7022451188052242,-0.0018547278875107112,3.277525313853702,0.3051092956593328
liver_99,12253,3681200,5234.927279234398,1572742.5365475938,0.33285341736390306,52.82902146413123,142.88817586656526,49.0,143.0,50.490030594369166,37.33469319864314,68.0,44.0,-90.05915440243403,-2.0282558054174826,-2.412210913941756,0.28778491604337497,0.6022928754438716,0.07968650107788047,0.8406269978442391,0.2513149270043079,3.0148028119831936,0.35264634499787223
